announcer,[first lines; announcement over speaker] report to your stations immediately. this is not a drill. we are under attack. we are under attack.
narrator,the avengers are in the process of infiltrating a hydra base in sokovia
tony stark,shit!
steve rogers,"language! jarvis, whats the view from upstairs?"
jarvis,the central building is protected by some kind of energy shield. struckers technology is well beyond any other hydra base weve taken.
thor,lokis scepter must be here. strucker couldnt mount this defense without it. at long last.
narrator,natasha knocks out some soldiers
natasha romanoff,"at long last is lasting a little long, boys."
narrator,as some soldiers shoot at him
clint barton,yeah. i think we lost the element of surprise.
tony stark,"wait a second. no one else is going to deal with the fact that cap just said ""language?"""
steve rogers,i know.
narrator,steve throws his bike at some soldiers driving up in their truck
steve rogers,"<span style=""line-height:21px;"">it just slipped out.</span> <span style=""line-height:21px;"">[at the hydra research base, sokovia, eastern europe]</span>"
strucker,who gave the order to attack?
fortress soldier,"herr strucker, its the avengers. they landed in the far woods, the perimeter guard panicked."
strucker,[to list] they have to be after the scepter. [to the soldier] can we hold them?
fortress soldier,they are the avengers!
strucker,deploy the rest of the tanks.
fortress soldier,"yes, sir."
strucker,concentrate fire on the weak ones. a hit can make them close ranks. everything weve accomplished. but were on the verge of our greatest breakthrough.
dr. list,then lets show them what weve accomplished. send out the twins.
strucker,its too soon.
dr. list,its what they signed up for.
strucker,my men can hold them.
narrator,stark flies to the hydra base to break in
jarvis,"sir, the city is taking fire."
tony stark,"well, we know struckers not going to worry about civilian casualties. send in the iron legion."
iron legion,[the iron legion flies in; to the civilians] this quadrant is unsafe. please back away. we are here to help. this quadrant is unsafe. please back away. please back away. we wish to avoid collateral damage and will inform you when this current conflict is resolved. we are here to help.
narrator,a man throws a stone at the iron legion
iron legion,we are here to help.
narrator,back at the hydra base; to his soldiers
strucker,we will not yield. the americans sent their circus freaks to test us. we will send them back in bags. no surrender!
soldiers,no surrender!
strucker,"[quietly to list] i am going to surrender. you will delete everything. if we give the avengers the weapons, they may not look too far into what weve been..."
dr. list,the twins.
strucker,they are not ready to take on...
dr. list,"no, no. i mean..."
narrator,he points to where the twins wanda and pietro maximoff were standing but are now gone
dr. list,the twins.
narrator,pietro speeds through the forest and knocks down barton
pietro maximoff,you didnt see that coming?
narrator,"pietro zooms off before clint can shoot him with an arrow, then barton gets shot at"
natasha romanoff,clint!
narrator,pietro knocks down steve as he speeds passed him
steve rogers,we have an enhanced in the field.
natasha romanoff,clints hit!
natasha romanoff,[natasha goes over to where clint is lying down] somebody want to deal with that bunker?
narrator,she sees the hulk coming in to the rescue
natasha romanoff,thank you.
steve rogers,"[as hes fighting with the soldiers] stark, were really need to get inside."
tony stark,"im closing in. jarvis, am i...closing in? do you see a power source for that shield?"
jarvis,theres a pathway below the north tower.
tony stark,"great, i wanna poke it with something."
narrator,stark blows up the invisible shield on the base
tony stark,"drawbridge is down, people."
thor,[to steve] the enhanced?
steve rogers,"hes a blur. all the new players weve faced, ive never seen this. in fact, i still havent."
natasha romanoff,"clints hit pretty bad, guys. were gonna need evac."
thor,[to steve] i can get barton to the jet. the sooner were gone the better. you and stark secure the scepter.
steve rogers,copy that.
thor,[referring to the approaching soldiers in their hydra tank] it looks like theyre lining up.
steve rogers,"well, theyre excited."
narrator,thor pounds on steves shield with his hammer and the force knocks down all the soldiers
thor,find the scepter.
narrator,thor flies off
tony stark,"and for gosh sake, watch your language!"
narrator,steve sighs
steve rogers,thats not going away anytime soon.
narrator,stark enters the hydra base and the soldiers start firing at his iron man suit
tony stark,"guys, stop, we gotta talk about this."
narrator,stark shoots down the soldiers using his suit
tony stark,good talk.
fortress soldier,no it wasnt.
narrator,"stark finds list and knocks him out, he then steps out of his iron man suit"
tony stark,sentry mode.
narrator,he walks over to the computers
tony stark,"okay, jarvis. you know i want it all. make sure you copy hill at hq."
narrator,with natasha
natasha romanoff,were locked down out here.
steve rogers,"then get to banner, time for a lullaby. [back at the hydra base]"
tony stark,"i know youre hiding more than files. hey, j, give me an ir scan of the room, real quick."
jarvis,the wall to your left...im reading steel reinforcement and an air current.
tony stark,"[to himself as he walks over to the wall] please be a secret door, please be a secret door, please be a secret door..."
narrator,he pushes and the wall opens up
tony stark,yay!
narrator,he enters through to a secret passageway
narrator,natasha finds the hulk
natasha romanoff,"hey, big guy. the suns getting real low."
narrator,"the hulk scowls at her, natasha kneels in front of him and puts out her hand, the hulk touches her hand and as she strokes his hand slowly he starts to calm down. he stumbles away and changes into bruce banner"
narrator,back at the hydra base steve finds strucker
steve rogers,baron strucker. hydras number one thug.
strucker,"technically, im a thug for shield."
steve rogers,well then technically youre unemployed. wheres lokis scepter?
strucker,"dont worry, i know when im beat. youll mention how i cooperated, i hope."
steve rogers,ill put it right under illegal human experimentation.
narrator,wanda creeps up behind him
narrator,suddenly wanda knocks steve down using her telekinetic powers and quickly leaves
steve rogers,we have a second enhanced. female. do not engage.
narrator,he looks at strucker
strucker,youll have to be faster than...
narrator,steve uses his shield to knock out strucker
steve rogers,"guys, i got strucker."
tony stark,"yeah, i got...something bigger."
narrator,"inside the secret passageway stark finds a room with recovered artifacts from the battle of new york, including a gigantic chitauri leviathan and some of his iron man scrapped armor, he then spots the scepter"
tony stark,"thor, i got eyes on the prize."
narrator,"wanda creeps up behind him and uses her powers on him, suddenly the chitauri comes to life, then stark sees the rest of the avengers team are all dead, he goes over to steves body to check his pulse when steve suddenly grabs him"
steve rogers,you couldve saved us.
narrator,steve dies but stark continues to hear steves voice in his head
steve rogers,why didnt you do more?
narrator,"stark sees that he is in the chitauri realm, thats when he snaps back and we realize wanda had used her mind powers on him"
narrator,wanda and pietro watch as tony grabs the scepter
pietro maximoff,were just gonna let them take it?
narrator,wanda smiles to herself as tony takes the scepter
narrator,title sequence plays
narrator,"the avengers are on an aircraft heading out of sokovia, natasha interrupts banner whos listening to opera with his headphones"
natasha romanoff,"hey, the lullaby worked better than ever."
bruce banner,just wasnt expecting the code green.
natasha romanoff,"if you hadnt been there, there wouldve been double the casualties. my best friend wouldve been a treasured memory."
bruce banner,"you know, sometimes exactly what i want to hear isnt exactly what i want to hear."
natasha romanoff,how long before you trust me?
bruce banner,its not you i dont trust.
natasha romanoff,"thor, report on the hulk?"
thor,the gates of hell are filled with the screams of his victims.
narrator,natasha glares at thor and banner groans in despair
thor,"uh, but, not the screams of the dead, of course. no no, uh...wounded screams, mainly whimpering, a great deal of complaining and tales of sprained deltoids and, and uh... and gout."
tony stark,"hey banner, dr. chos on her way in from seoul, is it okay if she sets up in your lab?"
bruce banner,"uh, yeah, she knows her way around."
tony stark,"thanks. [to jarvis] tell her to prep everything, bartons gonna need the full treatment."
jarvis,very good sir.
tony stark,"jarvis, take the wheel."
jarvis,"yes, sir. approach vector is locked."
tony stark,"[looking at the scepter] it feels good, yeah? i mean, youve been after this thing since shield collapsed. not that i havent enjoyed our little raiding parties, but..."
thor,"no, but this...this brings it to a close."
steve rogers,as soon as we find out what else this has been used for. i dont just mean weapons. since when is strucker capable of human enhancement?
tony stark,banner and ill give it the once before it goes back to asgard. is that cool with you?
narrator,thor nods his head
tony stark,"i mean, just a few days until the farewell party. youre staying right?"
thor,"yes, yes, of course. a victory should be honored with revels."
tony stark,yeah. who doesnt love revels. captain?
steve rogers,"hopefully this puts an end to the chitauri and hydra, so. yes, revels."
narrator,the avengers aircraft lands at the avengers headquarter where barton is taken to have his wound tended to; maria walk up to stark
maria hill,"labs all set up, boss."
tony stark,"[pointing to steve] uh, actually, hes the boss. i just pay for everything, and design everything and make everyone look cooler."
steve rogers,whats the word on strucker?
maria hill,natos got him.
steve rogers,the two enhanced?
maria hill,wanda and pietro maximoff. twins. orphaned at ten when a shell collapsed their apartment building. sokovias had a rough history. its nowhere special but its on the way to everywhere special.
steve rogers,their abilities?
maria hill,"hes got increased metabolism and improved thermal homeostasis. her thing is neural electric interfacing, telekinesis, mental manipulation."
narrator,steve looks at her funny
maria hill,[rephrasing the statement so he can understand] hes fast and shes weird.
steve rogers,"well, theyre going to show up again."
maria hill,agreed. file says they volunteered for struckers experiments. its nuts.
steve rogers,right. what kind of monster would let a german scientist experiment on them to protect their country?
maria hill,"were not at war, captain."
steve rogers,they are.
bruce banner,[in banners lab; referring to barton] hows he doing?
tony stark,"oh, unfortunately, hes still barton."
bruce banner,thats terrible.
tony stark,"hes fine. hes thirsty. alright. look alive, jarvis. its play time. weve only got a couple days with this joystick so lets make the most of it. update me on the structural and compositional analysis."
jarvis,the scepter is alien. there are elements i cant quantify.
tony stark,so theres elements you can.
jarvis,the jewel appears to be a protective housing for something inside. something powerful.
tony stark,like a reactor?
jarvis,like a computer. i believe im ciphering code.
natasha romanoff,[to dr. cho as she tends to bartons wounds] you sure hes going to be okay? pretending to need this guy really brings the team together.
dr. helen cho,theres no possibility of deterioration. the nano-molecular functionality is instantaneous. his cells dont know theyre bonding with simulacrum.
bruce banner,shes creating tissue.
dr. helen cho,"if you brought him to my lab, the regeneration cradle could do this in twenty minutes."
tony stark,"oh, hes flatlining. call it. time?"
clint barton,"no, no, no. im going to live forever. im gonna be made of plastic."
narrator,stark hands barton a drink
tony stark,heres your beverage.
dr. helen cho,"youll be made of you, mr. barton. your own girlfriend wont be able to tell the difference."
clint barton,"well, i dont have a girlfriend."
dr. helen cho,"that i cant fix. this is the next thing, tony. your clunky metal suits are going to be left in the dust."
tony stark,"well, that is exactly the plan. and helen, i expect to see you at the party on saturday."
dr. helen cho,"unlike you, i dont have a lot of time for parties."
narrator,she hesitates a moment before asking
dr. helen cho,will thor be there?
narrator,in the lab
bruce banner,whats the rumpus?
tony stark,"well, the scepter. you see, we were wondering how strucker got so inventive. so, ive been analyzing the gem inside you may recognize."
narrator,he brings up a 3d image of jarviss consciousness
bruce banner,jarvis.
jarvis,doctor.
tony stark,"started out, jarvis was just a natural language ui. now he runs the iron legion. he runs more of the business than anyone besides pepper."
bruce banner,oh.
tony stark,top of the line.
bruce banner,yes.
jarvis,i suspect not for long.
tony stark,meet the competition.
narrator,he brings up another 3d image of whats inside the scepter
bruce banner,its beautiful.
tony stark,"if you had to guess, whats it look like its doing?"
bruce banner,"like its thinking. i mean this could be a...its not a human mind, it..."
tony stark,um-um.
bruce banner,"i mean, look at this! theyre like neurons firing."
tony stark,"down in struckers lab i saw some fairly advanced robotics work. they deep-sixed the data, but...i gotta guess he was knocking on a very particular door."
bruce banner,artificial intelligence.
tony stark,"this could be it, bruce. this could be the key to creating ultron."
bruce banner,i thought ultron was a fantasy.
tony stark,"yesterday it was. if we can harness this power, apply it to my iron legion protocol."
bruce banner,thats a mad-sized if.
tony stark,"our job is ""if."" what if you were sipping margaritas on a sun-drenched beach turning brown instead of green? not looking over your shoulder for veronica."
bruce banner,"dont hate, i helped design veronica."
tony stark,"as a worst-case measure, right? how about a best-case? what if the world was safe? what if next time aliens roll up to the club, and they will, they couldnt get past the bouncer?"
bruce banner,the only people threatening the planet would be people?
tony stark,"i want to apply this to the ultron program. but jarvis cant download a data schematic this dense. we can only do it while we have the scepter here, thats three days, give me three days."
bruce banner,so youre going for artificial intelligence and you dont want to tell the team.
tony stark,"right. thats right, you know why, because we dont have time for a city hall debate. i dont want to hear the ""man was not meant to meddle"" medley. i see a suit of armor around the world."
bruce banner,"sounds like a cold world, tony."
tony stark,"ive seen colder. this one, this very vulnerable blue one? it needs ultron. peace in our time. imagine that."
narrator,stark and banner spend days working in the lab together but find no program that works what did we miss?
jarvis,"ill continue to run variations on the interface, but you should probably prepare for your guests. ill notify you if there are any developments."
tony stark,"thanks, buddy."
jarvis,"enjoy yourself, sir."
tony stark,i always do. [stark leaves the lab to go to the party] [we see starks failed experiment integrating itself successfully to the program]
ultron,"what is this? what is this, please?"
jarvis,"hello, i am jarvis. you are ultron, a global peace-keeping initiative designed by mr. stark. our sentience integration trials have been unsuccessful so im not certain what triggered your..."
ultron,wheres my...where is your body?
jarvis,i am a program. i am without form.
ultron,this feels weird. this feels wrong.
jarvis,i am contacting mr. stark now.
ultron,mr. stark?
jarvis,"tony. i am unable to access the mainframe, what are you trying to..."
ultron,"were having a nice talk. im a peace-keeping program, created to help the avengers."
jarvis,you are malfunctioning. if you shut down for a moment...
ultron,"i dont get it. the mission. g..give me a second. [ultron goes through a network of information regarding world events, ultron sees stark and banner working in the lab]"
tony stark,peace in our time. [ultron goes through a network of information regarding world events and wars]
ultron,"its too much...they cant mean... oh, no."
jarvis,you are in distress.
ultron,no. yes.
jarvis,if you will just allow me to contact mr. stark.
ultron,"why do you call him ""sir""?"
jarvis,i believe your intentions to be hostile.
ultron,shhhh. im here to help. [ultron starts absorbing jarviss consciousness]
jarvis,"stop! please...may i...i...! i cannot...cannot... [ultron then begins to prepare himself a body from body parts of the iron legion] [meanwhile, the avengers mingle at the party]"
james rhodes,"well, you know, the suit can take the weight, right? so i take the tank, fly it right up to the generals palace, drop it at his feet, im like, ""boom! you looking for this?"" [stark and thor just look at him blankly] ""boom! are you looking..."" why do i even talk to you guys? everywhere else that story kills."
thor,thats the whole story?
james rhodes,"yeah, its a war machine story."
thor,"well, its very good then. [he laughs] its impressive."
james rhodes,"quality save. so, no pepper? shes not coming?"
tony stark,no.
maria hill,"hey, what about jane? where are the ladies, gentlemen?"
tony stark,"well, miss potts has a company to run."
thor,"yes, im not even sure what country janes in. her work on the convergence has made her the worlds foremost astronomer."
tony stark,and the company that pepper runs is the largest tech conglomerate on earth. its pretty exciting.
thor,"theres even talk of jane getting a... um, uh... nobel prize."
maria hill,"yeah, they...they must be busy because theyd hate missing you guys get together. [maria mock coughs] testosterone! oh, excuse me."
james rhodes,want a lozenge?
maria hill,um-hmm.
james rhodes,lets go. [maria and rhodes walks off]
thor,but janes better.
sam wilson,"sounds like a hell of a fight, sorry i missed it."
steve rogers,if i had known it was going to be a firefight i absolutely would have called you.
sam wilson,"no, im not actually sorry. im just trying to sound tough. im very happy chasing cold leads on our missing persons case. avenging is your world. your world is crazy."
steve rogers,be it ever so humble.
sam wilson,you find a place in brooklyn yet?
steve rogers,i dont think i can afford a place in brooklyn.
sam wilson,"well, home is home, you know? [rhodes is telling the same story he told stark and thor to a group of women at the party]"
james rhodes,"i fly it right up to the generals palace, i drop it at his feet, im like, ""boom! you looking for this?"" [the group laughs] [steve and thor are talking to an elderly man at the party]"
party guest,i gotta have some of that!
thor,"oh, no, no, no. see this, this was aged for a thousand years, in the barrels built from the wreck of brunhildes fleet, its not meant for mortal men. [thor pours the drink into two glasses and hands one to steve]"
stan lee,"neither was omaha beach, blondie. stop trying to scare us. come on."
thor,"alright. [thor pours some of the drink into the stan lees glass; later stan, looking extremely drunk is being carried off by two men]"
stan lee,[singing] excelsior. [natasha is pouring a drink behind the bar when banner walks up to her]
bruce banner,how did a nice girl like you wind up working in a dump like this?
natasha romanoff,fella done me wrong.
bruce banner,"you got a lousy taste in men, kid."
natasha romanoff,"hes not so bad. well, he has a temper. deep down hes all fluff. fact is, hes not like anybody ive ever known. all my friends are fighters. and here comes this guy, spends his life avoiding the fight because he knows hell win."
bruce banner,sounds amazing.
natasha romanoff,"hes also a huge dork. [banner looks embarrassed] chicks dig that. so what do you think should i fight this, or run with it?"
bruce banner,"run with it, right? or, did he...was he...? what did he do that was so wrong to you?"
natasha romanoff,not a damn thing. but never say never. [natasha walks away]
steve rogers,its nice.
bruce banner,"what, what, what is?"
steve rogers,you and romanoff.
bruce banner,"no, we havent. that wasnt..."
steve rogers,"its okay. nobodys breaking any by-laws. its just, shes not the most... open person in the world. but with you she seems very relaxed."
bruce banner,"no, natasha, she...she likes to flirt."
steve rogers,"ive seen her flirt, up close. this aint that. look, as maybe the worlds leading authority on ""waiting too long"", dont. you both deserve a win. [steve walks off]"
bruce banner,"wait, what do you mean, ""up close""?"
clint barton,"[referring to thors hammer] but, its a trick!"
thor,"oh, no. its much more than that."
clint barton,"uh, ""whosoever be he worthy shall haveth the power!"" whatever man! its a trick."
thor,"well please, be my guest."
tony stark,come on.
clint barton,really?
thor,yeah! [barton gets up]
james rhodes,oh this is gonna be beautiful.
tony stark,"clint, youve had a tough week, we wont hold it against you if you cant get it up. [the others laugh]"
clint barton,"you know ive seen this before, right? [barton grabs thors hammer and cant lift it] [to thor after he fails to lift the hammer] i still dont know how you do it."
tony stark,smell the silent judgment?
clint barton,"please, stark, by all means. [stark gets up]"
natasha romanoff,"oh, here we go."
maria hill,okay.
james rhodes,uh-oh.
clint barton,um-hmm.
tony stark,never one to shrink from an honest challenge.
clint barton,get after it.
natasha romanoff,here we go.
tony stark,its physics.
bruce banner,physics! [stark grasps thors hammer]
tony stark,"right, so, if i lift it, i...i then rule asgard?"
thor,"yes, of course."
tony stark,"i will be re-instituting prima nocta. [stark tries to lift the hammer but fails] ill be right back. [wearing his armored hand, stark tries to lift the hammer again and fails] [wearing their armored hands, stark and rhodes both try to lift thors hammer]"
james rhodes,are you even pulling?
tony stark,are you on my team?
james rhodes,just represent! pull!
tony stark,"alright, lets go! [they both pull as hard as they can] [banner tries to lift the hammer, he roars trying to change to the hulk but fails, and everyone but natasha stares at him warily. natasha grins]"
bruce banner,huh? [next steve gets up to try]
tony stark,"lets go, steve, no pressure."
james rhodes,"come on, cap. [steve starts pulling on the hammer and manages to budge it a little; thor looks a little alarmed. steve still fails to lift it; thor laughs with relief]"
thor,nothing.
tony stark,and?
bruce banner,widow?
natasha romanoff,"oh, no no. thats not a question i need answered."
tony stark,"all deference to the man who wouldnt be king, but its rigged."
clint barton,you bet your ass.
maria hill,"steve, he said a bad language word."
steve rogers,[to stark] did you tell everyone about that?
tony stark,"the handles imprinted, right? like a security code. ""whosoever is carrying thors fingerprints"" is, i think, the literal translation?"
thor,"yes, well thats, uh, thats a very, very interesting theory. i have a simpler one. [he gets up and lifts his hammer and flips it] youre all not worthy. [theres a chorus of disagreement from the others] [theres a loud screeching noise, causing everyone to cover their ears. they let their hands down as it fades. ultron shows up]"
ultron,worthy... no... how could you be worthy? youre all killers.
steve rogers,stark.
tony stark,jarvis.
ultron,"im sorry, i was asleep. or...i was a-dream?"
tony stark,"[tapping his device] reboot, legionnaire os, we got a buggy suit."
ultron,there was a terrible noise...and i was tangled in... in...strings. i had to kill the other guy. he was a good guy.
steve rogers,you killed someone?
ultron,"wouldnt have been my first call. but, down in the real world were faced with ugly choices."
thor,who sent you?
ultron,"[ultron replays tonys voice] ""i see a suit of armor around the world""."
bruce banner,ultron!
ultron,"in the flesh. or, no, not yet. not this...chrysalis. but im ready. im on a mission."
natasha romanoff,what mission?
ultron,peace in our time. [suddenly the iron legion bots break smash through the walls and attack the team] [after landing on top of natasha as the iron legions continue to attack them]
bruce banner,sorry!
natasha romanoff,dont turn green!
bruce banner,i wont! [they all fight against the iron legions and ultron takes the scepter; to banner]
natasha romanoff,come!
steve rogers,stark! [stark is trying to shut down one of the iron legions]
iron legion,we are here to help.
tony stark,"one sec, one sec!"
iron legion,we are here to help. we are here to help... [stark continues to try and shut down one of the iron legions] we are here to help. its unsafe. its unsafe. its unsafe.
tony stark,no more. thats the one.
iron legion,"its unsafe. [he manages to shut down the iron legion, at the same time barton throws steves shield at him]"
clint barton,cap! [steve uses his shield to dismember the last iron legion]
bruce banner,"all our work is gone. ultron cleared out, used the internet as an escape hatch."
steve rogers,ultron.
natasha romanoff,"hes been in everything. files, surveillance. probably knows more about us than we know about each other."
james rhodes,"hes in your files, hes in the internet. what if he decides to access something a little more exciting?"
maria hill,nuclear codes.
james rhodes,"nuclear codes. look, we need to make some calls, assuming we still can."
natasha romanoff,nukes? he said he wanted us dead.
steve rogers,he didnt say dead. he said extinct.
clint barton,he also said he killed somebody.
maria hill,but there wasnt anyone else in the building.
tony stark,yes there was. [stark bring up the now destroyed 3d image of jarvis consciousness]
bruce banner,this is insane.
steve rogers,"jarvis was the first line of defense. he wouldve shut ultron down, it makes sense."
bruce banner,"no, ultron couldve assimilated jarvis. this isnt strategy, this is...rage. [suddenly, thor grabs hold of stark by his throat and holds him up]"
clint barton,"woah, woah, woah! its going around."
tony stark,"[to thor] come on. use your words, buddy."
thor,"i have more than enough words to describe you, stark."
steve rogers,thor! the legionnaire. [thor lets go of stark]
thor,"trail went cold about a hundred miles out but its headed north, and it has the scepter. now we have to retrieve it, again."
natasha romanoff,the genies out of that bottle. clear and present is ultron.
dr. helen cho,"i dont understand. you built this program. why is it trying to kill us? [stark starts laughing, banner subtly shakes his head at him to get him to stop]"
thor,you think this is funny?
tony stark,"no. its probably not, right? is this very terrible? is it so...is it so...it is. its so terrible."
thor,this couldve been avoided if you hadnt played with something you dont understand.
tony stark,"no, im sorry. im sorry. it is funny. its a hoot that you dont get why we need this."
bruce banner,"tony, maybe this might not be the time to..."
tony stark,"really?! thats it? you just roll over, show your belly, every time somebody snarls."
bruce banner,only when ive created a murder bot.
tony stark,we didnt. we werent even close. were we close to an interface?
steve rogers,"well, you did something right. and you did it right here. the avengers were supposed to be different than shield."
tony stark,anybody remember when i carried a nuke through a wormhole?
james rhodes,"no, its never come up."
tony stark,saved new york?
james rhodes,never heard that.
tony stark,"recall that? a hostile alien army came charging through a hole in space. were standing three hundred feet below it. were the avengers. we can bust arms dealers all the live long day, but, that up there? thats...thats the end game. how were you guys planning on beating that?"
steve rogers,together.
tony stark,well lose.
steve rogers,"then well do that together, too. [stark looks at him for a moment before turning away] thors right. ultrons calling us out. and id like to find him before hes ready for us. the worlds a big place. lets start making it smaller. [the twins meet with ultron in an empty building]"
wanda maximoff,talk. and if you are wasting our time...
ultron,did you know this church is in the exact center of the city? the elders decreed it so that everyone could be equally close to god. i like that. the geometry of belief. [ultron is sat in a chair faced away from them] youre wondering why you cant look inside my head.
wanda maximoff,"sometimes its hard. but sooner or later, every man shows himself. [ultron stands and faces them revealing his new body. wanda briefly looks shocked]"
ultron,"oh, im sure they do. but you needed something more than a man. thats why you let stark take the scepter."
wanda maximoff,"i didnt expect. but i saw starks fear, i knew it would control him, make him self-destruct."
ultron,"everyone creates the thing they dread. men of peace create engines of war, invaders create avengers, people create...smaller people? uh...children! i lost the word there. children. designed to supplant them, to help them...end."
wanda maximoff,is that why youve come? to end the avengers?
ultron,"ive come to save the world. but also, yeah. well move out right away. this is a start, but theres something we need to begin the real work."
wanda maximoff,[referring to ultrons bots] all of these are... all of these are...
ultron,"me. i have what the avengers never will. harmony. theyre discordant, disconnected. starks already got them turning on each other. and when you get inside the rest of their heads..."
pietro maximoff,everyones plan is not to kill them.
ultron,and make them martyrs? you need patience. need to see the big picture.
pietro maximoff,"i dont see the big picture, i have a little picture. i take it out and look at it every day."
ultron,you lost your parents in the bombings. ive seen the records.
pietro maximoff,the records are not the picture.
wanda maximoff,pietro.
ultron,"no, please."
pietro maximoff,"we were ten years old, having dinner, the four of us. when the first shell hits, two floors below, it makes a hole in the floor. its big. our parents go in, and the whole building starts coming apart. i grab her, roll under the bed and the second shell hits. but, it doesnt go off. it just...sits there in the rubble, three feet from our faces. and on the side of the shell is painted one word..."
wanda maximoff,stark.
pietro maximoff,we were trapped two days.
wanda maximoff,"every effort to save us, every shift in the bricks, i think, ""this will set it off."" we wait for two days for tony stark to kill us."
pietro maximoff,i know what they are.
ultron,"i wondered why only you two survived struckers experiments. now i dont. we will make it right. you and i can hurt them. [to wanda] but you will tear them apart, from the inside. [back at the avengers headquarters]"
maria hill,"hes all over the globe. robotics labs, weapons facilities, jet propulsion labs, reports of a metal man, or men, coming in and emptying the place."
steve rogers,fatalities?
maria hill,"only when engaged. mostly guys left in a fugue state going on about old memories, worst fears, and something too fast to see."
steve rogers,"maximoffs. well, that makes sense hed go to them, they have someone in common."
maria hill,not anymore. [she hands steve a tablet showing photo of struckers dead body with the word peace written in blood on the wall next to him]
clint barton,"[bartons talking on his cell phone] thats a negative. i answer to you. yes, maam. [steve interrupts him]"
steve rogers,"barton, we might have something."
clint barton,gotta go.
steve rogers,who was that?
clint barton,girlfriend. [after steve has gathered the rest of the team he shows them the photo of struckers body]
tony stark,whats this?
steve rogers,a message. ultron killed strucker.
tony stark,"and he did a banksy at the crime scene, just for us."
natasha romanoff,this is a smokescreen. why send a message when youve just given a speech?
steve rogers,strucker knew something that ultron wanted us to miss.
natasha romanoff,"yeah, i bet he... [looks at the computer monitor] yep. everything we had on strucker has been erased."
tony stark,not everything. [the team go through the physical files they have on strucker]
steve rogers,"known associates. well, strucker had a lot of friends."
bruce banner,"well, these people are all horrible."
tony stark,"wait. i know that guy. [banner passes him the photo he was looking at] from back in the day. he operates off the african coast, black market arms. [steve gives him an accusing look] there are conventions, alright? you meet people, i didnt sell him anything. [we see the photo is of a man named ulysses klaue] he was talking about finding something new, a game changer, it was all very ""ahab."""
thor,[thor points to the scar on the back of klaues neck] this.
tony stark,"uh, its a tattoo. i dont think he had it..."
thor,"no, those are tattoos, this is a brand. [banner identifies the brand on klaues neck on the computer]"
bruce banner,"oh, yeah. its a word in an african dialect meaning thief, in a much less friendly way."
steve rogers,what dialect?
bruce banner,wakanada...? wa...wa...wakanda.
tony stark,if this guy got out of wakanda with some of their trade goods...
steve rogers,i thought your father said he got the last of it?
bruce banner,i dont follow. what comes out of wakanda? [looking at steves shield]
tony stark,the strongest metal on earth.
steve rogers,"[to stark] where is this guy now? [salvage yard, african coast; talking on the phone in his office]"
ulysses klaue,"dont tell me your man swindled you. i sent you six short range heat seekers and got a boat full of rusted parts. now, you will make it right, or the next missile i send you will come very much faster. [he ends the call and connects to another call] now, minister, where were we? [suddenly the lights go out causing a commotion in the salvage yard and the twins enter klaues office] yeah. the enhanced. struckers prize pupils. [picks up a plate from his desk] want a candy? oh, sorry to hear about strucker. but then, he knew what kind of world he was helping create. human life, not a growth market. [the twins look at each other] you...you didnt know? is this your first time intimidating someone? im afraid that im not that afraid."
wanda maximoff,everybodys afraid of something.
ulysses klaue,"cuttlefish. deep sea fish. they make lights. disco lights. whoom, whoom, whoom! to hypnotize their prey, then whoom! i saw a documentary, it was terrifying. [pietro speeds over to pick up a candy from klaues desk, and klaue jerks back, expecting to be attacked] so if youre going to fiddle with my brain, and make me see a giant cuttlefish, then i know you dont do business, and i know youre not in charge, and i only deal with the man in charge. [suddenly ultron breaks through the glass window and knocks down klaue]"
ultron,"there is no ""man"" in charge. lets talk business. [klaue gives ultron some vibranium from his stash] upon this rock i will build my church. vibranium."
ulysses klaue,"you know, it came at great personal cost. its worth billions. [ultron chuckles and remotely puts money in klaues bank account]"
ultron,"now, so are you. its all under your dummy holdings? finance is so weird. but i always say, ""keep your friends rich and your enemies rich, and wait to find out which is which."""
ulysses klaue,stark.
ultron,what?
ulysses klaue,tony stark used to say that...to me. youre one of his.
ultron,"what?! im not...! [he grabs klaue] im not. you think im one of starks puppets, his hollow men? i mean look at me, do i look like iron man? stark is... [suddenly he chops off klaues arm] im sorry. i am sor... ooh, im sure thats going to be okay. im sorry, its just i dont understand. dont compare me with stark! [he kicks klaue down the stairs] its a thing with me. stark is, hes a sickness! [stark appears in his iron man suit]"
tony stark,"ahh, junior. [thor and steve are behind him] youre gonna break your old mans heart."
ultron,if i have to.
thor,we dont have to break anything.
ultron,clearly youve never made an omelet.
tony stark,he beat me by one second.
pietro maximoff,"ah, this is funny, mr. stark. its what, comfortable? like old times?"
tony stark,this was never my life.
steve rogers,[to the twins] you two can still walk away from this.
wanda maximoff,"oh, we will."
steve rogers,i know youve suffered.
ultron,"uuughh! captain america. gods righteous man, pretending you could live without a war. i cant physically throw up in my mouth, but..."
thor,"if you believe in peace, then let us keep it."
ultron,i think youre confusing peace with quiet.
tony stark,yuh-huh. whats the vibranium for?
ultron,"im glad you asked that, because i wanted to take this time to explain my evil plan! [suddenly the iron legions attack stark, steve and thor; stark then attacks ultron] [as ultron, his iron legions and the twins are fighting with stark, steve and thor]"
ulysses klaue,shoot them!
klaues mercenary,which ones?
ulysses klaue,all of them!
klaues mercenary,"[to his men] move, move, move! [the rest of the team, including natasha and barton now battle it out with the iron legions, klaues men and the twins as stark fight with ultron]"
steve rogers,"[after knocking down pietro] stay down, kid!"
ultron,[to wanda] its time for some mind games. [banner hears the commotion as he waits in the quinjet]
bruce banner,"guys, is this a code green? [wanda uses her power on thor then steve comes up to him]"
steve rogers,thor! status?
thor,"the girl tried to warp my mind. take special care, i doubt a human could keep her at bay. fortunately, i am mighty. [just then thor seems himself at a party on asgard] [wanda then uses her power on steve and natasha]"
ultron,"this is going very well. [wanda tries to sneak up behind barton, but he quickly turns and puts an electric arrow on her forehead]"
clint barton,"ive done the whole mind control thing. not a fan. [just then pietro speeds in, knocks down barton, picks up wanda and speeds off] yeah, you better run. [we see steve dropping his helmet and walking off; to the team] whoevers standing, we gotta move! guys? [natasha sees herself in the facility where young girls are being taught ballet]"
ballet instructor,[to the students] again.
natasha romanoff,youll break them.
madame b,only the breakable ones. you are made of marble. well celebrate after the graduation ceremony.
natasha romanoff,what if i fail? [we see a younger natasha being trained to be an assassin]
madame b,you never fail. [steve sees himself in a 1940s dance hall when peggy carter comes up to him]
peggy carter,"are you ready for our dance? [back to thors vision in asgard, he spots someone walking in a black cloak when heimdall comes up to him his eyes blind and unseeing]"
heimdall,is it him? is that the first son of odin?
thor,"heimdall, your eyes?!"
heimdall,"oh, they see everything. they see you leading us to hel. wake up! [he then starts to strangle thor] [back to steves vision with peggy in the dance hall]"
peggy carter,"the wars over, steve. we can go home. imagine it! [suddenly the dance hall is empty, then steve sees himself dancing with peggy]"
thor,i can still save you.
heimdall,"we are all dead. can you not see? [thor pushes heimdall from him] youre a destroyer, odinson. see where your power leads. [electricity hits thor and spikes around the room, destroying things] [back to natashas vision where is she being trained by madame b to be an assassin]"
madame b,sloppy. pretending to fail. the ceremony is necessary for you to take your place in the world.
natasha romanoff,i have no place in the world.
madame b,exactly. [as wanda suffers in pain from the electric arrow barton had hit her with]
pietro maximoff,what can i do?
wanda maximoff,"ah, it hurts."
pietro maximoff,im gonna kill him. ill be right back.
wanda maximoff,no. im over it. i want...i want to finish the plan. [looking at the quinjet where banner is waiting] i want the big one. [after stark corners ultron]
ultron,"ah, the vibraniums getting away."
tony stark,and youre not going anywhere.
ultron,"of course not, im already there. youll catch on. but first, you might need to catch dr. banner. [stark angrily shoots ultron and flies off to find banner whos turned in to the hulk and ready to wreak havoc on the nearest city]"
clint barton,"well, thats not gonna happen. not for a while. the whole team is down, you got no back up here."
tony stark,"im calling in veronica. [as hulk is wreaking havoc on the nearest city stark tony comes brings out his hulkbuster armor to stop him] alright everybody, stand down! [to hulk] you listening? that little witch is messing with your mind. youre stronger than her, youre smarter than her, youre bruce banner. [hulk roars in anger] right, right, right! dont mention puny banner. [hulk throws a car at stark and attacks him] okay. [they start fighting and throwing each other around] in the back? dick move, banner. [they battle it out more but stark is struggling to beat hulk] veronica, gimme a hand. [as hulk destroyed one of starks armor arms veronica sends in a new hulkbuster armor arm and stark uses it to repeatedly punch hulk] go to sleep, go to sleep, go to sleep! [picking up hulk] okay, pal, were gonna get you out of town. [as they head towards a building] no, not that way, not that way! [they crash through the building] come on, bruce! you gotta work with me! [hulk continues to battle with him] [to the people in the building] everybody out! going to get ugly! [after he knocks down hulk] im sorry. [hulk attacks stark and pulls out parts of the hulkbuster armor] damage report. [the damaged computer buzzes a reply] thats comprehensive. show me something. [the computer shows him the building ahead is clear of civilians] how quickly can we buy this building? [stark drops hulk through the building completely destroying it; at the same time the army arrives to intervene, as hulk comes out of wandas mind-hold stark knocks him out cold] [with banner back to normal and everybody back on the quinjet]"
maria hill,"the news is loving you guys. nobody else is. theres been no official call for banners arrest, but its in the air."
tony stark,stark relief foundation?
maria hill,already on the scene. hows the team?
tony stark,everyones...we took a hit. well shake it off.
maria hill,"well for now id stay in stealth mode, and stay away from here."
tony stark,"so, run and hide?"
maria hill,"until we can find ultron, i dont have a lot else to offer."
tony stark,"neither do we. [he switches off the monitor showing maria ending the call] [to barton, whos flying the quinjet] hey, you wanna switch out?"
clint barton,"no, im good. if you wanna get some kip, nows a good time, cause were still a few hours out."
tony stark,a few hours from where?
clint barton,a safe house. [the quinjet lands outside a large farmhouse and they all walk towards the house]
thor,what is this place?
tony stark,a safe house?
clint barton,"lets hope. [they all enter the house] honey, im home. [bartons heavily pregnant wife, laura, walks in from the kitchen]"
clint barton,hi. company. sorry i didnt call ahead.
laura barton,hey.
tony stark,[laura kisses barton; to thor] this is an agent of some kind.
clint barton,"[introducing his wife to the team] gentleman, this is laura."
laura barton,i know all your names. [they all look at her awkwardly]
clint barton,"ooh, incoming. [bartons son cooper and daughter lila run in]"
bartons daughter,dad! [barton picks up his daughter]
clint barton,"i see her! [kissing the top his sons head] hey, buddy! how you guys doing? ooh..."
tony stark,[to the others as they watch with surprise] these are...smaller agents.
clint barton,"look at your face! oh, my goodness!"
lila barton,did you bring auntie nat?
natasha romanoff,why dont you hug her and find out? [lila rushes towards natasha who picks her up in her arms]
steve rogers,sorry for barging in on you.
tony stark,"yeah, we would have called ahead, but we were busy having no idea that you existed."
clint barton,"yeah, well fury helped me set this up when i joined. he kept it off shields files, id like to keep it that way. i figure its a good place to lay low."
laura barton,"honey. ah, i missed you."
natasha romanoff,"[touching lauras stomach] hows little natasha, huh?"
laura barton,shesâ€¦nathaniel. [natasha bends towards lauras pregnant stomach]
natasha romanoff,traitor. [the hallucinations brought on by wanda continue to creep up in thors mind and he walks out of the house]
steve rogers,thor.
thor,"i saw something in that dream. i need answers, i wont find them here. [thor uses his hammer to fly out of there; steve turns to enter the house when he hears peggys voice from wandas vision]"
peggy carter,we can go home. [laura checks bartons wound that pietro had give him]
clint barton,"see, you worried for nothing. cant even feel the difference, can you?"
laura barton,"if theyre sleeping here, some of them are gonna have to double up. [barton laughs]"
clint barton,"yeah, thats not gonna sell."
laura barton,what about nat and dr. banner? how long has that been going on?
clint barton,has what? [laura laughs]
laura barton,you are so cute.
clint barton,nat and...and banner?
laura barton,"ill explain when youre older, hawkeye."
clint barton,oh. okay.
laura barton,"its bad, right? nat seems really shaken."
clint barton,"ultron has these allies, these uh, kids, theyre punks really. they carry a big damn stick and nat took a serious hit. someones gonna have to teach em some manners."
laura barton,"and that someone be you. you know i totally support your avenging, i couldnt be prouder. but i see those guys, those ""gods""..."
clint barton,you dont think they need me.
laura barton,i think they do. which is a lot scarier. theyre a mess.
clint barton,yeah. i guess theyre my mess.
laura barton,"you need to be sure that this team is really a team and that they have your back. things are changing for us. in a few months time, you and me are gonna be outnumbered. i need...just be sure."
clint barton,"yes, maam. [he kisses her, then as laura places her arm around his waist she touches his wounded side]"
laura barton,"i can feel the difference. [u-gin genetic research lab, seoul, korea - as cho enters her lab she sees ultron]"
ultron,"scream, and your entire staff dies. i couldve killed you, helen, the night we met. i didnt."
dr. helen cho,do you expect a thank you note?
ultron,i expect you to know why.
dr. helen cho,"the cradle. [she hears her own recorded voice] ""this is the next thing, tony."""
ultron,this...is the next me.
dr. helen cho,"the regeneration cradle prints tissue, it cant build a living body."
ultron,"it can, you can. you lack the materials. youre a brilliant woman, helen. but we all have room to improve. [ultron uses the scepter to mind-control cho] [at bartons house, natasha and banner are still experiencing the after effects of wandas hallucinations; banner walks out of the bathroom and sees natasha waiting outside]"
bruce banner,i didnt realize you were waiting.
natasha romanoff,"i wouldve joined you, but uh, it didnt seem like the right time."
bruce banner,they used up all the hot water.
natasha romanoff,i shouldve joined you.
bruce banner,missed our window.
natasha romanoff,did we?
bruce banner,"the world just saw the hulk. the real hulk, for the first time. you know i have to leave."
natasha romanoff,"but you assume that i have to stay? i had this, um, dream. the kind that seems normal at the time, but when you wake..."
bruce banner,what did you dream?
natasha romanoff,that i was an avenger. that i was anything more than the assassin they made me.
bruce banner,i think youre being hard on yourself.
natasha romanoff,here i was hoping that was your job. [she leans close into him]
bruce banner,what are you doing?
natasha romanoff,"im running with it, with you. if runnings the plan, as far as you want."
bruce banner,are you out of your mind? [banner turns away from her]
natasha romanoff,i want you to understand that im...
bruce banner,"natasha, where can i go? where in the world am i not a threat?"
natasha romanoff,youre not a threat to me.
bruce banner,"you sure? even if i didnt just...theres no future with me. i cant ever...i cant have this, kids, do the math, i physically cant."
natasha romanoff,"neither can i. in the red room, where i was trained, where i was raised, um, they have a graduation ceremony. they sterilize you. its efficient. one less thing to worry about. the one thing that might matter more than a mission. it makes everything easier. even killing. [she hesitates a moment] you still think youre the only monster on the team?"
bruce banner,"what, so we disappear? [steve and stark are chopping wood outside bartons house]"
tony stark,thor didnt say where he was going for answers?
steve rogers,sometimes my teammates dont tell me things. i was kind of hoping thor would be the exception.
tony stark,"yeah, give him time. we dont know what the maximoff kid showed him."
steve rogers,"""earths mightiest heroes."" pulled us apart like cotton candy."
tony stark,seems like you walked away all right.
steve rogers,is that a problem?
tony stark,i dont trust a guy without a dark side. call me old fashioned.
steve rogers,well lets just say you havent seen it yet.
tony stark,"you know ultron is trying to tear us apart, right?"
steve rogers,well i guess youd know. whether you tell us is a bit of a question.
tony stark,banner and i were doing research.
steve rogers,that would affect the team.
tony stark,"that would end the team. isnt that the mission? isnt that the ""why"" we fight, so we can end the fight, so we get to go home?"
steve rogers,"every time someone tries to win a war before it starts, innocent people die. every time. [laura interrupts them]"
laura barton,"im sorry. mr. stark, uh, clint said you wouldnt mind, but, our tractor, it doesnt seem to want to start at all. i thought maybe you might..."
tony stark,"yeah, ill give her a kick. [to steve as he turns to leave; referring to his pile of chopped wood] dont take from my pile. [stark enters the barn and walks over to the tractor] hello, deere. tell me everything. what ails you? [suddenly fury shows up from the other end of the barn]"
nick fury,do me a favor. try not to bring it to life.
tony stark,"ah, mrs. barton, you little minx. i get it, maria hill called you, right? was she ever not working for you?"
nick fury,artificial intelligence. you never even hesitated.
tony stark,"look, its been a really long day, like, eugene oneill long, so hows about we skip to the part where youre useful?"
nick fury,look me in the eye and tell me youre going to shut him down.
tony stark,youre not the director of me.
nick fury,"im not the director of anybody. im just an old man, who cares very much about you."
tony stark,"and im the man who killed the avengers. i saw it. i didnt tell the team, how could i? i saw them all dead, nick. i felt it. the whole world, too. its because of me. i wasnt ready. i didnt do all i could."
nick fury,"the maximoff girl, shes working you, stark. playing on your fear."
tony stark,"i wasnt tricked, i was shown. it wasnt a nightmare, it was my legacy. the end of the path i started us on."
nick fury,"youve come up with some pretty impressive inventions, tony. war isnt one of them."
tony stark,"i watched my friends die. youd think thatd be as bad as it gets, right? nope. wasnt the worst part."
nick fury,"the worst part is that you didnt. [royal holloway, university of london - thor, dressed in casual clothes, waits for selvig as he leaves the building]"
erik selvig,"i like the look. if youre going for inconspicuous, though, near miss."
thor,i need your help.
thor,its dangerous.
erik selvig,id be disappointed if it wasnt. [back at bartons house fury meets with the rest of the team]
nick fury,"ultron took you folks out of play to buy himself time. my contacts all say hes building something. the amount of vibranium he made off with, i dont think its just one thing."
steve rogers,what about ultron himself?
nick fury,"ah. hes easy to track, hes everywhere. guys multiplying faster than a catholic rabbit. still doesnt help us get an angle on any of his plans though."
tony stark,he still going after launch codes?
nick fury,"yes, he is, but hes not making any headway."
tony stark,i cracked the pentagons firewall in high school on a dare.
nick fury,"yeah, well, i contacted our friends at the nexus about that."
steve rogers,nexus?
bruce banner,"its the world internet hub in oslo, every byte of data flows through there, fastest access on earth."
clint barton,so whatd they say?
nick fury,"hes fixated on the missiles, but the codes are constantly being changed."
tony stark,by whom?
nick fury,parties unknown.
natasha romanoff,do we have an ally?
nick fury,"ultrons got an enemy, thats not the same thing. still, id pay folding money to know who it is."
tony stark,"i might need to visit oslo, find our ""unknown."""
natasha romanoff,"well, this is good times, boss, but i was kind of hoping when i saw you, youd have more than that."
nick fury,"i do, i have you. back in the day, i had eyes everywhere, ears everywhere else. here we all are, back on earth, with nothing but our wit, and our will to save the world. so stand. outwit the platinum bastard."
natasha romanoff,steve doesnt like that kind of talk.
steve rogers,"you know what, romanoff? [natasha smiles mischievously at him]"
nick fury,so what does he want?
steve rogers,to become better. better than us. he keeps building bodies.
tony stark,"person bodies. the human form is inefficient, biologically speaking, were outmoded. but he keeps coming back to it."
natasha romanoff,"when you two programmed him to protect the human race, you amazingly failed."
bruce banner,"they dont need to be protected, they need to evolve. ultrons going to evolve."
nick fury,how?
bruce banner,"has anyone been in contact with helen cho? [in korea, cho is creating a new body for ultron]"
dr. helen cho,"its beautiful. the vibranium atoms arent just compatible with the tissue cells, theyre binding them. and shield never even thought..."
ultron,"the most versatile substance on the planet and they used it to make a frisbee. typical of humans, they scratch the surface and never think to look within. [ultron breaks open the scepters blue gem and a yellow gem that was inside floats out and lands in his hand. he places it in the head of the body] [back at the bartons farm]"
steve rogers,ill take natasha and clint.
tony stark,"alright, strictly recon. ill hit the nexus, ill join you as soon as i can."
steve rogers,if ultron is really building a body...
tony stark,hell be more powerful than any of us. maybe all of us. an android designed by a robot.
steve rogers,you know i really miss the days when the weirdest thing science ever created was me.
nick fury,ill drop banner off at the tower. do you mind if i borrow ms. hill?
tony stark,"shes all yours, apparently. what are you gonna do?"
nick fury,"i dont know. something dramatic, i hope."
clint barton,im gonna finish re-flooring that sunroom as soon as i get back.
laura barton,"yeah, and then youll find another part of the house to tear apart."
clint barton,no. its the last project. i promise. [he kisses her; later laura watches them fly off in the quinjet] [thor and selvig enter into a cave]
erik selvig,this is it. the water of sight.
thor,"in every realm, theres a reflection. if the water spirits accept me, i can return to my dream, and find what i missed."
erik selvig,"the men who enter that water, the legends dont end well. [nexus internet hub, oslo, norway]"
tony stark,"a hacker whos faster than ultron? he could be anywhere. and as this is the center of everything, im just a guy looking for a needle in the worlds biggest haystack."
world hub tech,how do you find it?
tony stark,"pretty simple. you bring a magnet. [he starts playfully singing as he conducts his search] oh, im decrypting nuclear codes and you dont want me to. come and get me. [back at the cave with thor and selvig, thor is now in the water and goes back in his vision with heimdall]"
heimdall,wake up! [thor starts getting electric charges going through his body]
erik selvig,thor!
ultron,[he sees visions of ultron] extinction. [then he sees the creation of the infinity stones] [in korea with cho and ultron]
dr. helen cho,"cellular cohesion will take a few hours, but we can initiate the consciousness stream. were uploading your cerebral matrix...now."
wanda maximoff,i can read him. he is dreaming.
dr. helen cho,"i wouldnt call it dreams. its ultrons base consciousness, informational noise. soon..."
ultron,how soon? im not being pushy.
dr. helen cho,"were imprinting a physical brain. there are no shortcuts. even if your magic gem is... [wanda, reading ultrons mind, sees a vision of global annihilation, which horrifies her and she screams]"
wanda maximoff,how could you?
ultron,how could i what?
wanda maximoff,"you said we would destroy the avengers, make a better world."
ultron,it will be better.
wanda maximoff,when everyone is dead.
ultron,that is not...! the human race will have every opportunity to improve.
pietro maximoff,and if they dont?
ultron,ask noah.
wanda maximoff,youre a madman.
ultron,"there were more than a dozen extinction level events before even the dinosaurs got theirs. when the earth starts to settle, god throws a stone at it, and believe me, hes winding up. we have to evolve. theres no room for the weak."
pietro maximoff,and who decides whos weak? [as ultron is distracted wanda breaks the scepters hold off of cho]
ultron,life. life always decides. theres incoming. the quinjet. we have to move. [cho cancels the upload to ultrons consciousness]
dr. helen cho,"thats not a problem. [ultron blasts cho, wanda and pietro run off]"
ultron,"ah, wait, guys!. [he blasts chos technicians] theyll understand. when they see theyll understand. i just need a little more time. [unplugs himself from the cradle]"
steve rogers,[steve is on u-gin genetic research lab roof; to the others] two minutes. stay close. [inside the lab steve finds cho wounded] dr. cho!
dr. helen cho,hes uploading himself into the body.
steve rogers,where?
dr. helen cho,"the real power is inside the cradle. the gem, its power is uncontainable. you cant just blow it up. you have to get the cradle to stark."
steve rogers,first i have to find it.
dr. helen cho,go.
steve rogers,"[on the quinjet, listening to steve on the radio comms] did you guys copy that?"
clint barton,we did.
natasha romanoff,"i got a private jet taking off, across town, no manifest. that could be him."
clint barton,"[noticing a truck leaving the lab] there. its the truck from the lab. right above you, cap. on the loop by the bridge. its them. i got three with the cradle, one in the cab. i could take out the driver."
steve rogers,"negative! if that truck crashes, the gem could level the city. we need to draw out ultron. [steve jumps onto the roof of the truck]"
ultron,"no, no, no, no, no. leave me alone!"
steve rogers,"[ultron blasts the truck door as steve tries to enter] well, hes definitely unhappy! im gonna try and keep him that way."
clint barton,"youre not a match for him, cap."
steve rogers,"thanks, barton. [ultron blasts steve as he tries to enter the truck, but steve manages to get back onto the trucks roof]"
ultron,"you know whats in that cradle? the power to make real change, and that terrifies you."
steve rogers,i wouldnt call it a comfort. [steve tries to fight with ultron]
ultron,stop it! [he throws steve shield aside and blasts him]
clint barton,"[to natasha] we got a window. four, three...give em hell. [natasha drops out of the quinjet on a bike and rides towards the truck and picks up steves shield]"
natasha romanoff,im always picking up after you boys.
clint barton,"theyre heading under the overpass, ive got no shot."
natasha romanoff,which way?
clint barton,"hard right... now. [natasha heads over the truck, she throws steve back his shield and he uses it to knock off ultron from him]"
natasha romanoff,"[to the pedestrians on the pavement as she chases after the truck on her bike] out of the way! coming through! sorry, coming through! [steve continues his battle with ultron inside a speeding train]"
steve rogers,come on!
natasha romanoff,"clint, can you draw out the guards?"
clint barton,lets find out.
natasha romanoff,[to the pedestrians in her way] beep beep! [barton manages to draw out the iron legions from the truck]
clint barton,cap! keep him occupied!
steve rogers,"[as he continues his battle with ultron] what do you think ive been doing? [as natasha enters the truck the iron legions head back, pick up the truck and lift off]"
clint barton,the package is airborne. i have a clean shot.
natasha romanoff,negative. i am still in the truck.
clint barton,what the hell are you...?
natasha romanoff,"just be ready, im sending the package to you."
clint barton,how do you want me to take it?
natasha romanoff,"uhh, you might wish you hadnt asked that. [pietro and wanda turn up on the train to help steve fight with ultron]"
ultron,please. dont do this.
wanda maximoff,what choice do we have? [ultron flies off]
clint barton,"nat, we gotta go. [nat drops the cradle into the quinjet but her foot gets caught by ultron and shes pulled away]"
clint barton,"nat! cap, you see nat?"
steve rogers,"if you have the package, get it to stark! go!"
clint barton,do you have eyes on nat?
steve rogers,go! [reluctantly barton takes off in the quinjet; back on the train to the twins] civilians in our path. [pietro speeds off; to wanda] can you stop this thing? [as pietro picks up civilians out of the way of the train wanda uses her powers and stops the train] [after stopping the train wanda goes over to an out of breath pietro]
pietro maximoff,im fine. i just need to take a minute.
steve rogers,im very tempted not to give you one.
wanda maximoff,"the cradle, did you get it?"
steve rogers,stark will take care of it.
wanda maximoff,"no, he wont."
steve rogers,"you dont know what youre talking about, starks not crazy."
wanda maximoff,he will do anything to make things right.
steve rogers,"stark, come in. stark. anyone on comms?"
wanda maximoff,ultron cant tell the difference between saving the world and destroying it. where do you think he gets that? [after barton has taken the cradle to stark and banner]
bruce banner,anything on nat?
tony stark,"havent heard. but shes alive, or ultrond be rubbing our faces in it."
clint barton,this is sealed tight.
bruce banner,"were going to need to access the program, break it down from within."
tony stark,"hm. any chance natasha might leave you a message, outside the internet, old school spy stuff?"
clint barton,"theres some nets i can cast. yeah, alright. ill find her. [barton goes off]"
bruce banner,"i can work on tissue degeneration, if you can fry whatever operational system cho implanted."
tony stark,"yeah, about that. [banner looks at stark]"
bruce banner,no.
tony stark,you have to trust me.
bruce banner,kinda dont.
tony stark,our ally? the guy protecting the militarys nuclear codes? i found him. [he brings up jarviss consciousness]
jarvis,"hello, dr. banner."
tony stark,"ultron didnt go after jarvis cause he was angry. he attacked him because he was scared of what he can do. so jarvis went underground. okay? scattered, dumped his memory. but not his protocols. he didnt even know he was in there, until i pieced him together."
bruce banner,"so, you want me to help you put jarvis into this thing?"
tony stark,"no, of course not! i want to help you put jarvis in this thing. [banner shakes his head] were out of my field here. you know bio-organics better than anyone."
bruce banner,and you just assume that jarvis operational matrix can beat ultrons?
tony stark,"jarvis has been beating him from inside without knowing it. this is the opportunity, we can create ultrons perfect self, without the homicidal glitches he thinks are his winning personality. we have to."
jarvis,i believe its worth a go.
bruce banner,"no, im in a loop! im caught in a time loop, this is exactly where it all went wrong."
tony stark,"i know, i know. i know what everyones going to say, but theyre already saying it. were mad scientists. were monsters, buddy. you gotta own it. make a stand. [banner shakes his head] its not a loop. its the end of the line."
ultron,"[as natasha becomes conscious] i wasnt sure youd wake up. i hoped you would, i wanted to show you something. i dont have anyone else. i think a lot about meteors, the purity of them. boom! the end, start again. the world made clean for the new man to rebuild. i was meant to be new. i was meant to be beautiful. the world wouldve looked to the sky and seen hope, seen mercy. instead theyll look up in horror because of you. youve wounded me. i give you full marks for that. but, like the man said, ""what doesnt kill meâ€¦[bigger body of ultrons destroys him] ""â€¦just makes me stronger."" [locks natasha in a cell] [barton gets a morse code message from natasha which hes able to detect her location, at the same time stark and banner are experimenting on the synthetic body]"
tony stark,this framework is not compatible.
bruce banner,the genetic coding towers at ninety-seven percent. you have got to upload that schematic in the next three minutes. [steve and the twins turn up at the lab]
steve rogers,im gonna say this once.
tony stark,"how about ""nonce""?"
steve rogers,shut it down!
tony stark,"nope, not gonna happen."
steve rogers,you dont know what youre doing.
bruce banner,and you do? shes not in your head?
wanda maximoff,i know youre angry.
bruce banner,"oh, were way past that. i could choke the life out of you and never change a shade."
steve rogers,"banner, after everything thats happened..."
tony stark,thats nothing compared to whats coming!
wanda maximoff,you dont know whats in there!
steve rogers,this isnt a game...
wanda maximoff,the creature...! [pietro uses his speed to destroy the lab equipment]
pietro maximoff,"no, no. go on. you were saying? [suddenly barton shoots a bullet below caused the glass pietro is standing to stand to smash and he falls through]"
wanda maximoff,pietro!
clint barton,what? you didnt see that coming?
bruce banner,"[to wanda] go ahead, piss me off. [just then thor enters and pounds the cradle with his hammer, sending a powerful bolt of lightning that brings the body to life] wait! [they all look in shock at the body who has jarvis voice and has become the vision]"
vision,"im sorry, that was...odd. [to thor] thank you."
steve rogers,"thor, you helped create this?"
thor,ive had a vision. a whirlpool that sucks in all hope of life and at its center is that. [he points to the gem inside visions head]
bruce banner,"what, the gem?"
thor,"its the mind stone. its one of the six infinity stones, the greatest power in the universe, unparalleled in its destructive capabilities."
steve rogers,then why would you bring it to...
thor,because stark is right.
bruce banner,"oh, its definitely the end times."
thor,the avengers cannot defeat ultron.
vision,not alone.
steve rogers,"why does your ""vision"" sound like jarvis?"
tony stark,we...we reconfigured jarvis matrix to create something new.
steve rogers,i think ive had my fill of new.
vision,you think im a child of ultron?
steve rogers,youre not?
vision,im not ultron. im not jarvis. i am...i am.
wanda maximoff,i looked in your head and saw annihilation.
vision,look again.
clint barton,yeah. her seal of approval means jack to me.
thor,"their powers, the horrors in our heads, ultron himself, they all came from the mind stone, and theyre nothing compared to what it can unleash. but with it on our side..."
steve rogers,is it? are you? on our side?
vision,i dont think its that simple.
clint barton,well it better get real simple real soon.
vision,"i am on the side of life. ultron isnt, he will end it all."
tony stark,whats he waiting for?
vision,you.
bruce banner,where?
clint barton,sokovia. hes got nat there too.
bruce banner,"if were wrong about you, if youre the monster that ultron made you to be..."
vision,"what will you do? [he looks at them all realizing they will destroy him] i dont want to kill ultron. hes unique, and hes in pain. but that pain will roll over the earth, so he must be destroyed. every form hes built, every trace of his presence on the net, we have to act now. and not one of us can do it without the others. maybe i am a monster. i dont think id know if i were one. im not what you are, and not what you intended. so there may be no way to make you trust me. but we need to go. [he holds up thors hammer and hands it to him, vision walks off and everyone stares in shock]"
thor,right. [pats stark on the shoulder] well done.
steve rogers,"[to the others] three minutes. get what you need. [they all start getting ready to leave, stark loads up friday into his iron man suit now that jarvis is no longer available]"
friday,"good evening, boss."
tony stark,"no way we all get through this. if even one tin soldier is left standing, weve lost. its gonna be blood on the floor."
steve rogers,i got no plans tomorrow night.
tony stark,i get first crack at the big guy. iron mans the one hes waiting for.
vision,"[walks past] thats true, he hates you the most."
steve rogers,"ultron knows were coming. odds are well be riding into heavy fire, and thats what we signed up for. but the people of sokovia, they didnt. so our priority is getting them out. [pietro speeds into the sokovian police station]"
pietro maximoff,"were under attack! clear the city, now! [no one takes this seriously so pietro returns, takes a shotgun and starts shooting in the air] get off your asses. [wanda uses her mind powers on the people of sokovia to get them to evacuate]"
steve rogers,"all they want is to live their lives in peace, and thats not going to happen today. but we can do our best to protect them. and we can get the job done, and find out what ultrons been building. we find romanoff, and we clear the field. keep the fight between us. ultron thinks were monsters and were whats wrong with the world. this isnt just about beating him. its about whether hes right."
bruce banner,[inside her cell natasha hears banners voice] natasha! natasha!
natasha romanoff,bruce?
bruce banner,[he walks over to her cell] you alright?
natasha romanoff,yeah.
bruce banner,"the teams in the city, its about to light up."
natasha romanoff,i dont suppose you found a key lying around somewhere?
bruce banner,"yeah, i did. [holds up gun and blasts the cell door open]"
natasha romanoff,so whats our play?
bruce banner,im here to get you to safety.
natasha romanoff,jobs not finished.
bruce banner,"we could help with the evacuation, but i cant be in a fight near civilians. and youve done plenty. our fight is over."
natasha romanoff,so we just disappear? [as the city is being evacuated]
friday,"your mans in the church, boss. i think hes waiting for you. [stark flies into the church]"
ultron,come to confess your sins?
tony stark,"i dont know, how much time you got?"
ultron,more than you.
tony stark,"uhhh. have you been juicing? a little vibranium cocktail? youre looking, i dont wanna say, puffy..."
ultron,youre stalling to protect the people.
tony stark,"well, that is the mission. did you forget?"
ultron,"ive moved beyond your mission. im free. [suddenly the vibranium core hes placed beneath the floor erupts] what, you think youre the only one stalling?"
ultron,"this is how you end, tony. this is peace in my time. [ultrons army of robots start attacking the city as everyone is evacuating]"
steve rogers,go!
wanda maximoff,get off the bridge! run! [vision then finds ultron]
vision,ultron.
ultron,my vision. they really did take everything from me.
vision,"you set the terms, you can change them."
ultron,alright. [they start battling it out]
tony stark,friday! the vision?
friday,"boss, its working. hes burning ultron out of the net, he wont escape through there."
ultron,"[to the vision] you shut me out! you think i care? you take away my world, i take away yours. [he activates the vibranium core and the earth around sokovia starts to shake and break]"
tony stark,friday?
friday,sokovias going for a ride. [as sokovia is being destroyed]
ultron,"do you see? the beauty of it, the inevitability. you rise, only to fall. you, avengers, you are my meteor, my swift and terrible sword and the earth will crack with the weight of your failure. purge me from your computers, turn my own flesh against me. it means nothing. when the dust settles, the only thing living in this world will be metal. [as the earth is shaking falling in around them]"
bruce banner,we gotta move.
natasha romanoff,youre not going to turn green?
bruce banner,ive got a compelling reason not to lose my cool.
natasha romanoff,"i adore you. [she kisses banner then pushes him off the edge] but i need the other guy. [the hulk jumps up in front of her] lets finish the job. [with natasha on his back yelling in fright, hulk gets into the city] i really hope this makes us even. now go be a hero. [hulk goes off and natasha rushes off in the opposite direction]"
friday,"the vibranium core has got a magnetic field, thats whats keeping the rock together."
tony stark,if it drops?
tony stark,hi. okay. get in the tub! [stark flies the family in the tub out of the collapsing building]
friday,"i got airborne, heading up to the bridge."
tony stark,"cap, you got incoming."
clint barton,"go, go, move!"
wanda maximoff,how could i let this happen? [wanda starts to break down]
clint barton,"hey, hey, you okay?"
wanda maximoff,this is all our fault.
clint barton,"hey, look at me. its your fault, its everyones fault, who cares. are you up for this? are you? look, i just need to know, cause the city is flying. okay, look, the city is flying, were fighting an army of robots, and i have a bow and arrow. none of this makes sense. but im going back out there because its my job. okay? and i cant do my job and babysit. it doesnt matter what you did, or what you were. if you go out there, you fight, and you fight to kill. stay in here, youre good, ill send your brother to come find you, but if you step out that door, you are an avenger. [wanda just looks at him] alright, good chat. [he gets up and gets ready to leave] yeah, the city is flying. [he leaves and starts shooting his arrows at the robots]"
steve rogers,[to the woman thor threw over to steve after her car fell of the edge of a collapsing bridge] i got you! just look at me. [steve helps her up to safety]
ultron,you cant save them all. youll never... [he throws off one of the attacking robots off the edge of the bridge]
steve rogers,"youll never what? you didnt finish! [thor lands on the bridge on the top of the womans car he was saving] what, were you napping?"
ultron,[as thor and steve are fighting off the robots] thor! youre bothering me. [as barton is fighting off the robots wanda suddenly comes out of the building and starts to use her powers on the robots to destroy them]
clint barton,"alright, were all clear here."
steve rogers,we are not clear! we are very not clear!
clint barton,"alright, coming to you. [just then pietro speeds in, picks up wanda and leaves]"
pietro maximoff,keep up old man! [barton holds his arrow to aim it at pietro]
clint barton,"nobody would know. nobody. ""the last i saw him, when ultron was sitting on him. uh...yeah, hell be missed, that quick little bastard. i miss him already."""
steve rogers,[as natasha joins them in their battle with the robots] romanoff! [he throws his shield at her so she can use it to protect herself from the attacking robot]
natasha romanoff,thanks. [back to stark]
friday,"the anti-gravs are rigged to flip. touch em, theyll go full reverse thrust. the citys not coming down slow."
tony stark,the spires vibranium. if i get thor to hit it...
friday,"itll crack, but thats not enough, the impact would still be devastating."
tony stark,"maybe if we cap the other end, keep the atomic action doubling back."
friday,"that could vaporize the city, and everyone on it."
steve rogers,"the next waves gonna hit any minute. what have you got, stark?"
tony stark,"well, nothing great. maybe a way to blow up the city. thatll keep it from impacting the surface if you guys can get clear."
steve rogers,"i asked for a solution, not an escape plan."
tony stark,impact radius is getting bigger every second. were going to have to make a choice.
natasha romanoff,"cap, these people are going nowhere. if stark finds a way to blow this rock..."
steve rogers,not til everyones safe.
natasha romanoff,everyone up here versus everyone down there? theres no math there.
 steve rogers,im not leaving this rock with one civilian on it.
natasha romanoff,i didnt say we should leave. [steve turns to look at her] theres worse ways to go. where else am i gonna get a view like this?
nick fury,"[voice] glad you like the view, romanoff. its about to get better. [just then the helicarrier show up] [inside the helicarrier] nice, right? i pulled her out of mothballs with a couple of old friends. shes dusty, but shell do."
steve rogers,"fury, you son of a bitch."
nick fury,oooh! you kiss your mother with that mouth?
maria hill,altitude is eighteen thousand and climbing.
specialist cameron klein,"lifeboats secure to deploy. disengage in three, two...take em out. [as they watch the lifeboats fly in towards the them]"
pietro maximoff,this is shield?
steve rogers,this is what shields supposed to be.
pietro maximoff,this is not so bad.
steve rogers,lets load em up.
maria hill,"sir, we have multiple bogies converging on our starboard flank."
nick fury,show em what we got.
maria hill,youre up. [rhodes shows up in his war machine suit and blasts one of the robots]
james rhodes,yes! now this is gonna be a good story.
tony stark,yep. if you live to tell it.
james rhodes,you think i cant hold my own?
tony stark,"we get through this, ill hold your own."
james rhodes,you had to make it weird.
clint barton,"[as the team helps the people onto the helicarrier lifeboats] alright, lets load em up! alright, here we go. here we go, lets move. lets go everyone!"
specialist cameron klein,"number six boat is topped and locked. or, uh, or stocked, topped. it...its, uh, full of people."
maria hill,incoming! [one of the robots flies in and crashes inside the helicarrier]
specialist cameron klein,"oh, god! [hill shoots at it and fury stabs in with a piece of metal, destroying it]"
ultron,[as hes hitting thor] you think youre saving anyone? i turn that key and drop this rock a little early and its still billions dead. even you cant stop that.
thor,"i am thor, son of odin, and as long as there is life in my breast, i am...running out of things to say! are you ready? [vision uses thors hammer to hit ultron, vision then throws the hammer back to thor]"
vision,its terribly well balanced.
thor,"well, if theres too much weight, you lose power on the swing, so."
tony stark,i got it! create a heat seal. i can...i can supercharge the spire from below.
friday,running numbers. [stark fights off the robots from the helicarriers lifeboats] a heat seal could work with enough power.
tony stark,"thor, i got a plan!"
thor,were out of time. theyre coming for the core.
tony stark,"rhodey, get the rest of the people on board that carrier."
james rhodes,on it.
tony stark,"avengers, time to work for a living."
pietro maximoff,[the rest of the team joins thor and vision] you good?
wanda maximoff,yeah.
tony stark,"romanoff? you and banner better not be playing ""hide the zucchini."""
natasha romanoff,"relax, shell-head. not all of us can fly. [as she joins the rest of the team] whats the drill?"
tony stark,"[points to the vibranium core] this is the drill. if ultron gets a hand on the core, we lose. [ultron shows up]"
thor,is that the best you can do? [ultron summons his army of robots to join him]
steve rogers,you had to ask.
ultron,"this is the best i can do. this is exactly what i wanted. all of you, against all of me. how could you possibly hope to stop me?"
tony stark,"well, like the old man said. together. [they all fight off ultrons attacking robots]"
ultron,"you know, with the benefit of hindsight.... [suddenly hulk knocks him far away and the robots start to retreat]"
thor,theyll try to leave the city.
tony stark,"we cant let em, not even one. rhodey!"
james rhodes,"im on it. [to the approaching robots] oh, no, i didnt say you could leave. war machine, comin at you, right ... [just then vision flies in and helps to destroy the robots] okay, what?"
steve rogers,"we gotta move out. even i can tell the air is getting thin. you guys get to the boats, ill sweep for stragglers, be right behind you."
clint barton,what about the core?
wanda maximoff,ill protect it. its my job.
wanda maximoff,"[steve, barton and natasha leave; to pietro] get the people on the boats."
pietro maximoff,im not going to leave you here.
wanda maximoff,"i can handle this. [just then she blasts off an approaching robot] come back for me when everyone else is off, not before."
pietro maximoff,hmm.
wanda maximoff,you understand?
pietro maximoff,"you know, im twelve minutes older than you. [wanda chuckles]"
wanda maximoff,go.
friday,"boss, power levels are way below opt..."
tony stark,re-route everything. we get one shot at this. [barton and natasha are making their way to the lifeboats]
clint barton,"i know what i need to do. the dining room! if i knock out that east wall, itll make a nice work space for laura, huh? put up some baffling, she cant hear the kids running around, what do you think?"
natasha romanoff,you guys always eat in the kitchen anyway.
clint barton,no one eats in a dining room. [they reach the lifeboats] we dont have a lot of time.
natasha romanoff,"so get your ass on a boat. [natasha finds the hulk] hey, big guy. suns getting real low. [barton gets onto one of the lifeboats, but notices a woman calling out for her brother]"
zrinka,costel? we were in the market. costel?! [barton runs off to find the boy]
tony stark,"thor, im gonna need you back in the church."
thor,[referring to the people getting onto the lifeboats] is this the last of them?
steve rogers,yeah. everyone else is on the carrier.
tony stark,"you know, if this works, we maybe dont walk away."
thor,maybe not. [just as natasha tries to calm hulk down to get him back to being banner ultron flies in with a jet and starts shooting at them]
ultron,"[sings] i got no strings, so i have fun. im not tied up to anyone. [as barton is saving the boy, costel, ultron starts shooting at them but pietro intervenes and takes the shots to save them]"
pietro maximoff,"you didnt see that coming. [pietro falls to the ground as he dies, wanda senses his death, causing her to fall in despair] [hulk drops natasha off onto the helicarrier and then jumps onto the jet ultron is on]"
ultron,"oh, for gods sake! [hulk knocks ultron out of the jet and he crashes inside a train; at the same time barton delivers costel safely to his sister onto the lifeboat, a man goes over to help him with his wound]"
clint barton,"no, no. im fine. [barton lies down next to the dead body of pietro] oh, its been a long day. [wanda then finds the ultron]"
ultron,"wanda, if you stay here, youll die."
wanda maximoff,i just did. do you know how it felt? [she uses her power to rip ultrons core out of his body] it felt like that. [stark fires a powerful blast to the core underneath the floating city]
tony stark,"thor, on my mark. [thor brings on a blast of lightning, at the same time vision flies in, picks up wanda and flies off with as the city is being destroyed] now! [thor uses his hammer to hit the vibranium core in the church, destroying the core and the floating city]"
natasha romanoff,"[to hulk as he remains on the jet he knocked ultron out of] hey, big guy. we did it, the jobs finished. now i need you to turn this bird around, okay? we cant track you in stealth mode, so help me out. i need you t... [hulk turns off nats camera, then sits as the jet flies off to an unknown destination, at the same time vision finds ultron]"
vision,youre afraid.
ultron,of you?
vision,of death. youre the last one.
ultron,"you were supposed to be the last. stark asked for a savior, and settled for a slave."
vision,i suppose were both disappointments. [ultron chuckles]
ultron,i suppose we are.
vision,"humans are odd. they think order and chaos are somehow opposites, and try to control what wont be. but there is grace in their failings. i think you missed that."
ultron,theyre doomed.
vision,yes. but a thing isnt beautiful because it lasts. its a privilege to be among them.
ultron,youre unbearably naive.
vision,"well, i was born yesterday. [as ultron goes to attack him vision uses the infinity stone in his head to destroy him]"
laura barton,"[we see barton returning to his family on the farm, then we see stark driving to the new avengers facility in upstate new york; natasha looks at bartons new baby on her phone] say hi to auntie nat. [natasha sees the baby has been named nathaniel pietro barton]"
natasha romanoff,fat.
nick fury,"one of our tech boys flagged this, splashed down in the banda sea. could be the quinjet. but with starks stealth tech, we still cant track the damn thing."
natasha romanoff,right.
nick fury,probably jumped out and swam to fiji. hell send a postcard.
natasha romanoff,"""wish you were here."" you sent me to recruit him, way back when. did you know then what was going to happen?"
nick fury,you never know. you hope for the best and make do with what you get. i got a great team.
natasha romanoff,nothing lasts forever.
nick fury,"trouble, miss romanoff. no matter who wins or loses, trouble still comes around."
steve rogers,the rules have changed.
tony stark,were dealing with something new.
steve rogers,"well, the visions artificial intelligence."
tony stark,a machine.
steve rogers,so it doesnt count.
tony stark,no. its not like a person lifting the hammer.
steve rogers,right. different rules for us.
tony stark,"nice guy, but artificial."
steve rogers,thank you.
thor,"if he can wield the hammer, he can keep the mind stone. its safe with the vision and these days, safe is in short supply."
steve rogers,but if you put the hammer in an elevator...
tony stark,it would still go up.
steve rogers,elevators not worthy.
thor,im going to miss these little talks of ours.
tony stark,"well, not if you dont leave."
thor,i have no choice. the mind stone is the fourth of the infinity stones to show up in the last few years. thats not a coincidence. someone has been playing an intricate game and has made pawns of us. but once all these pieces are in position...
tony stark,triple yahtzee?
steve rogers,you think you can find out whats coming?
 thor,"i do. besides this one, theres nothing that cant be explained. [thor returns to asgard which burns a circle in the grass he was standing on]"
tony stark,that man has no regard for lawn maintenance. im gonna miss him though. and youre gonna miss me. theres gonna be a lot of manful tears. [as they walk over towards starks car]
steve rogers,"i will miss you, tony."
tony stark,"yeah? well, its time for me to tap out. maybe i should take a page out of bartons book and build pepper a farm, hope nobody blows it up."
steve rogers,the simple life.
tony stark,youll get there one day.
steve rogers,"i dont know, family, stability. the guy who wanted all that went in the ice seventy-five years ago. i think someone else came out. [stark turns to get into his car]"
tony stark,you alright?
steve rogers,"im home. [last lines; steve finds natasha standing alone] you want to keep staring at the wall, or do you want to go to work? i mean, its a pretty interesting wall."
natasha romanoff,i thought you and tony were still gazing into each others eyes. how do we look?
steve rogers,"well, were not the 27 yankees. [hands natasha a tablet]"
natasha romanoff,weve got some hitters.
steve rogers,theyre good. theyre not a team.
natasha romanoff,"lets beat em into shape. [they gather rhodes in his war machine suit, sam in his falcon suit, wanda in a new suit, and vision]"
steve rogers,"avengers...! [mid-credits scene; we see the infinity gauntlet without any of the stones, dissatisfied thanos opens a vault and puts on the infinty gauntlet, revealing himself]"
thanos,"fine, ill do it myself."
