narrator,"first lines; Sam Wilson is jogging around Washington, D.C. when Steve quickly catches up to him and runs past him"
Steve Rogers,On your left.
narrator,as Sam is continues to jog Steve comes around again quickly after doing another lap
Steve Rogers,On your left.
Sam Wilson,"Uh-huh, on my left. Got it."
narrator,as Sam is still jogging Steve comes around again from behind him from another lap
Sam Wilson,Dont say it! Dont you say it!
Steve Rogers,On your left!
Sam Wilson,Come on!
narrator,Sam gets angry and tries to catch up to him but only after a few seconds hes unable to carry and stops to rest
narrator,as Sam is resting catching his breath sitting by a tree Steve walks over to him
Steve Rogers,Need a medic?
narrator,Sam laughs
Sam Wilson,"I need a new set of lungs. Dude, you just ran like thirteen miles in thirty minutes."
Steve Rogers,I guess I got a late start.
Sam Wilson,"Oh, really? You should be ashamed of yourself. You should take another lap."
narrator,he hesitates for a moment before saying sarcastically
Sam Wilson,Did you just take it? I assumed you just took it.
Steve Rogers,What unit are you with?
Sam Wilson,"Fifty-eighth, Para-rescue. But now Im working down at the VA. Sam Wilson."
narrator,Steve gives Sam a hand to rise
Steve Rogers,Steve Rogers.
Sam Wilson,I kind of put that together. Must have freaked you out coming home after the whole defrosting thing.
Steve Rogers,"It takes some getting used to. Its good to meet you, Sam."
narrator,as Steve turns to leave
Sam Wilson,"Its your bed, right?"
Steve Rogers,Whats that?
Sam Wilson,"Your bed, its too soft. When I was over there I sleep on the ground and used rock for pillows, like a caveman. Now Im home, lying in my bed, and Its like..."
Steve Rogers,Lying on a marshmallow. I feel like Im gonna sink right to the floor.
narrator,Sam smiles and nods his head
Sam Wilson,How long?
Sam Wilson,"Two tours. You must miss the good old days, huh?"
Steve Rogers,"Well, things arent so bad. Foods a lot better, we used to boil everything. No polio is good. Internet, so helpful. Ive been reading that a lot trying to catch up."
Sam Wilson,"Marvin Gaye, 1972, ""Trouble Man"" soundtrack. Everything youve missed jammed into one album."
Steve Rogers,Ill put it on the list.
narrator,"Steve gets his small notebook and pen out and notes it down on his list which also includes I Love Lucy; Moon Landing; Berlin Wall (Up + Down) Steve Jobs (Apple); Disco; Thai Food; Star Wars/Trek (with Star Wars crossed out, indicating that he has seen it); Nirvana (Band); Rocky (Rocky II?)"
narrator,"Steve gets the text message, ""Mission alert. Extraction imminent. Meet at the curb. :)"
Steve Wilson,"Alright, Sam, duty calls. Thanks for the run. If thats what you wanna call running. [they shake hands]"
Sam Wilson,"Oh, thats how it is?"
Steve Rogers,"Oh, thats how it is."
narrator,Sam laughs
Sam Wilson,"Okay. Any time you wanna stop by the VA, make me look awesome in front of the girl at the front desk, just let me know."
Steve Rogers,Ill keep it in mind.
Sam Wilson,Okay.
narrator,just then Natasha pulls up in her car by the curb and rolls down the window
Natasha Romanoff,"Hey, fellas. Either one of you know where the Smithsonian is? Im here to pick up a fossil."
Steve Rogers,Thats hilarious.
narrator,"Steve walks over to her car and gets in, Sam gives Natasha and her car an appreciative look"
Sam Wilson,How you doing?
Natasha Romanoff,Hey.
Steve Rogers,You cant run everywhere.
Sam Wilson,"No, you cant."
narrator,he watches as Natasha quickly pulls away and drives off
narrator,"flying over the Indian Ocean the duo are with SHIELD agents, led by Brock Rumlow"
Steve Rogers,Any demands?
Brock Rumlow,A billion and a half.
Steve Rogers,Why so steep?
Brock Rumlow,Because it SHIELDs.
Steve Rogers,"So its not off course, its trespass."
Natasha Romanoff,Im sure they have a good reason.
Steve Rogers,"You know, Im getting a little tired of being Furys janitor."
Natasha Romanoff,"Relax, its not that complicated."
Steve Rogers,How many pirates?
Brock Rumlow,"Twenty-five, top mercs, led by this guy. Georges Batroc."
narrator,he shows them a photo of Batroc on the monitor
Brock Rumlow,"Ex-TGSE, Action Division. Hes at the top of Interpols ""red notice"". Before the French demobilized him, he had thirty-six kill missions. This guys got a rep for maximum casualties."
Steve Rogers,Hostages?
Brock Rumlow,"Uh...mostly techs. One officer, Jasper Sitwell."
narrator,he pulls up Sitwells photo on the monitor
Brock Rumlow,Theyre in the galley.
Steve Rogers,"Whats Sitwell doing on a launch ship? Alright, Im gonna sweep the deck and find Batroc. Nat, youll kill the engines and wait for instructions. Rumlow, you sweep aft, find the hostages, get them to life pods. get em out. Lets go."
Brock Rumlow,"STRIKE, you heard the Captain. Gear up!"
narrator,as they are getting ready to dive off the jet; into his radio
Steve Rogers,Secure channel seven.
Natasha Romanoff,Seven secure. [to Steve] You do anything fun Saturday night?
Steve Rogers,"Well, all the guys from my barbershop quartet are dead, so... No, not really."
Brock Rumlow,"Coming up by the drop zone, Cap."
Natasha Romanoff,"You know, if you ask Kristen out, from Statistics, shell probably say yes."
Steve Rogers,Thats why I dont ask.
Natasha Romanoff,Too shy or too scared?
Steve Rogers,Too busy!
narrator,Steve jumps out of the jet
STRIKE Agent,Was he wearing a parachute?
narrator,Rumlow smiles
Brock Rumlow,"No. No, he wasnt."
narrator,"after jumping out the jet Steve dives into the ocean and then climbs onto the ship, he then beats everyone on the deck swiftly before anyone raises the alarm when hes interrupted by one of the pirates pointing his gun at him"
French Pirate #1,[subtitled] Dont move!
narrator,hes shot dead by Rumlow as he parachutes down onto the deck behind Steve
Steve Rogers,Thanks.
Brock Rumlow,Yeah. You seemed pretty helpless without me.
narrator,Natasha and another agent parachute down onto the deck to join them
Natasha Romanoff,What about the nurse that lives across the hall from you? She seems kind of nice.
Steve Rogers,"Secure the engine room, then find me a date."
Natasha Romanoff,Im multitasking.
narrator,"below deck we see the pirates are holding the ships crew, including Sitwell, hostage"
French Pirate #1,"[subtitled] I said to Batroc, if we want SHIELD to pay, we have to start sending bodies now! [to the hostages] [subtitled] I have a bullet for someone. [shouting in English] You want a bullet in your head?! [he kicks one of the hostages leg] [subtitled] Move that leg. Want a bullet in your head?"
narrator,meanwhile on the deck Steve moves quickly to find the hostages; in the control room
Georges Batroc,[subtitled] I do not like to wait. Call Durand. I want the ship ready to go as soon as the rescue arrives.
French Pirate,"[subtitled] Yes, Batroc."
narrator,he makes the call
French Pirate,[subtitled] Durand. Start the engine.
Durand,Okay.
narrator,"Durand puts the phone down, turns and sees Natasha behind him"
Natasha Romanoff,"Hey, sailor."
narrator,she quickly knocks him down and manages to swing down below deck shooting several of the pirates on the way
narrator,to one of the hostages
French Pirate #1,[subtitled] Shut up. What is it? Want to be a hero?
narrator,he looks at the hostages who keep their heads down
French Pirate #1,"[subtitled] Well, Ive waited long enough."
narrator,he goes over to the locked door and bangs on it to get the attention of the pirate guarding outside
French Pirate #1,"Hey, look for Batroc. If I do not hear in two minutes, Ill start to kill them!"
French Pirate #2,[subtitled] Okay. Ill find him!
narrator,"as the pirate turns to leave Rumlow, whos standing behind him with a stun gun, shoots him, on the other side of the door the other pirate senses something but dismisses it"
French Pirate 2,Two minutes.
narrator,we see Rumlow and another STRIKE Agent places a bomb on the locked door
narrator,in the control room
 French Pirate,"[subtitled] Radio Silence from SHIELD, Batroc.  [Steve watches them from the deck, we see another STRIKE agent getting in position]"
STRIKE Agent,Targets acquired.
narrator,below deck Rumlow points his gun at the bomb placed against door where the hostages are being kept
Brock Rumlow,STRIKE in position.
narrator,into his radio
Steve Rogers,"Natasha, whats your status?"
narrator,we see Natasha jumping down below deck to knock out one of the pirates
Steve Rogers,"Status, Natasha?"
Natasha Romanoff,Hang on!
narrator,as the pirate attacks her she quickly knocks him out; into her radio
Natasha Romanoff,Engine room secure.
French Pirate #1,"[subtitled] Times up. Who wants to die first? [to one of his men] Hey, you! Take the girl. [into his radio]"
Steve Rogers,On my mark. Three. Two. One.
narrator,"the STRIKE team start shooting at the pirates, blow open the door and Rumlow quickly kills the head pirate"
Jasper Sitwell,"I told you, SHIELD doesnt negotiate."
narrator,back in the control room one of Batrocs men tries to get hold of the pirate below deck
French Pirate,"[subtitled] Hello? Batroc, the line is dead. I lost contact with them."
narrator,just then Steve smashes in through the window using his shield but Batroc manages to escape; to Steve as he goes looking for Batroc
Brock Rumlow,"Hostages enroot to extraction. Romanoff missed the rendezvous point, Captain. Hostiles are still in play."
Steve Rogers,"Natasha, Batrocs on the move. Circle back to Rumlow and protect the hostages."
narrator,theres no reply from Natasha
Steve Rogers,Natasha!
narrator,"suddenly Batroc attacks Steve, they fight on the deck of the ship, with Batroc getting quickly back up on his feet"
Georges Batroc,[subtitled] I thought that you were more than just a mask.
narrator,Steve puts the shield on his back and takes off his mask
Steve Rogers,[subtitled] Lets find out.
narrator,"they start fighting again, Steve manages to finally knock Batroc down by smashing through into one of the rooms where Natasha is downloading something from the computer"
Natasha Romanoff,"Well, this is awkward."
Steve Rogers,What are you doing?
Natasha Romanoff,Backing up the hard drive. Its a good habit to get into.
Steve Rogers,Rumlow needed your help. What the hell are you doing here?
narrator,Steve goes over to Natasha and looks at what Natasha is backing up
Steve Rogers,Youre saving SHIELD Intel.
Natasha Romanoff,Whatever I can get my hands on.
Steve Rogers,Our mission is to rescue hostages.
Natasha Romanoff,No. Thats your mission.
narrator,she finishes backing up and pulls the flash drive out
Natasha Romanoff,And youve done it beautifully.
narrator,as Natasha goes to leave Steve grabs her arm
Steve Rogers,You just jeopardized this whole operation.
Natasha Romanoff,I think thats overstating things.
narrator,"suddenly Batroc rises and throws a grenade at the two as he runs off, Steve deflects the bomb with his shield, grabs Natasha and jumps through a window before it explodes"
Natasha Romanoff,Okay. That ones on me.
Steve Rogers,You damn right.
narrator,Steve gets up and leaves in anger
narrator,"The Triskelion, S.H.I.E.L.D. Headquarters; Steve walks into Furys office"
Steve Rogers,"You just cant stop yourself from lying, can you?"
Nick Fury,I didnt lie. Agent Romanoff had a different mission than yours.
Steve Rogers,Which you didnt feel obliged to share.
Nick Fury,Im not obliged to do anything.
Steve Rogers,"Those hostages couldve died, Nick."
Nick Fury,I sent the greatest soldier in history to make sure that didnt happen.
Steve Rogers,"Soldiers trust each other, thats what makes it an army. Not a bunch of guys running around and shooting guns."
Nick Fury,"The last time I trusted someone, I lost an eye. Look, I didnt want you doing anything you werent comfortable with. Agent Romanoff is comfortable with everything."
Steve Rogers,I cant lead a mission when the people Im leading have missions of their owns.
Nick Fury,Its called compartmentalization. Nobody spills the secrets because nobody knows them all.
Steve Rogers,Except you.
Nick Fury,Youre wrong about me. I do share. Im nice like that.
narrator,Fury steps into an elevator with Steve following behind him
Nick Fury,Insight bay.
SHIELD Computer,Captain Rogers does not have clearance for Project Insight.
Nick Fury,"Director override, Fury, Nicholas J."
SHIELD Computer,Confirmed.
narrator,the elevator starts moving down
Steve Rogers,"You know, they used to play music."
Nick Fury,"Yeah. My grandfather operated one of these things for forty years. My granddad worked in a nice building, he got good tips. Hed walk home every night, roll of ones stuffed in his lunch bag. Hed say ""hi"", people would say hi back. Time went on, neighborhood got rougher. Hed say ""Hi"", theyd say, ""Keep on steppin."" Granddad got to grippin that lunch bag a little tighter."
Steve Rogers,Did he ever get mugged?
Nick Fury,"Every week some punk would say, ""Whats in the bag?"""
Steve Rogers,"Well, what did he do?"
Nick Fury,Hed show em. A bunch of crumpled ones and loaded 0.22 Magnum.
narrator,Fury smiles
Nick Fury,Granddad loved people. But he didnt trust them very much.
narrator,as they continue to ride down the elevator Steve notices the giant Helicarriers
Nick Fury,"Yeah, I know. Theyre a little bit bigger than a 0.22."
narrator,as Fury shows Steve round
Nick Fury,This is Project Insight. Three next generation Helicarriers synced to a network of targeting satellites.
Steve Rogers,Launched from the Lemurian Star.
Nick Fury,Once we get them in the air they never need to come down. Continuous suborbital flight courtesy of our new repulsor engines.
Steve Rogers,Stark?
Nick Fury,"Well, he had a few suggestions once he got an up close look at our old turbines. These new long range precision guns can eliminate a thousand hostiles a minute. The satellites can read a terrorists DNA before he steps outside his spider hole. We gonna neutralize a lot of threats before they even happen."
Steve Rogers,I thought the punishment usually came after the crime.
Nick Fury,We cant afford to wait that long.
Steve Rogers,"Whos ""we""?"
Nick Fury,"After New York, I convinced the World Security Council we needed a quantum surge in threat analysis. For once were way ahead of the curve."
Steve Rogers,By holding a gun at everyone on Earth and calling it protection.
Nick Fury,"You know, I read those SSR files. Greatest generation? You guys did some nasty stuff."
Steve Rogers,"Yeah, we compromised. Sometimes in ways that made us not sleep so well. But we did it so the people could be free. This isnt freedom, this is fear."
Nick Fury,"SHIELD takes the world as it is, not as wed like it to be. Its getting damn near past time for you to get with that program, Cap."
Steve Rogers,Dont hold your breath.
narrator,Steve turns and walks off
narrator,Steve takes off on his motorcycle; in the Smithsonian Museum there is an exhibit dedicated to Captain America
The Smithsonian Narrator,"A symbol to the nation. A hero to the world. The story of Captain America is one of honor, bravery and sacrifice."
narrator,"Steve, keeping his face hidden under a baseball cap, walks over to the exhibition"
The Smithsonian Narrator,"Denied enlistment due to poor health, Steven Rogers was chosen for a program unique in the annals of American warfare. One that would transform him into the worlds first super soldier."
narrator,"a boy recognizes him, Steve smiles puts his finger against his mouth to indicate for the boy to keep quiet and the boy nods, Steve then watches an old footage of himself"
Old Footage Recording,"In this rare footage, everyones favorite warrior, Captain America..."
narrator,Steve goes to the display where there are mannequins with costumes of Steves old commando squad
The Smithsonian Narrator,"Battle tested, Captain America and his Howling Commandos quickly earned their stripes. Their mission, taking down HYDRA, the Nazi rogue science division."
narrator,Steve walks over to the a display of his friend Bucky Barnes
The Smithsonian Narrator,"Best friends since childhood, Bucky Barnes and Steven Rogers were inseparable on both schoolyard and battlefield. Barnes is the only Howling commando to give his life in service of his country."
narrator,Steve watches and older looking Peggy Carter being interviewed
Peggy Carter,"That was a difficult winter. A blizzard had trapped half our battalion behind the German line. Steve...Captain Rogers, he fought his way through a HYDRA blockade that had pinned our allies down for months. He saved over a thousand men, including the man who would...who would become my husband as it turned out. Even after he died, Steve was still changing my life."
narrator,Steve looks at the photo of Peggy hed kept in his old compass
narrator,"Steve visits Peggy, who is now lying sick in bed"
Steve Rogers,"You should be proud of yourself, Peggy."
narrator,Steve looks at Peggys family photos by her bedside table showing her with her husband and children
Peggy Carter,Mm. I have lived a life. My only regret is that you didnt get to live yours.
narrator,Steve looks sad
Peggy Carter,What is it?
Steve Rogers,"For as long as I can remember I just wanted to do what was right. I guess Im not quite sure what that is anymore. And I thought I could throw myself back in and follow orders, serve. Its just not the same."
narrator,Peggy chuckles
Peggy Carter,"Youre always so dramatic. Look, you saved the world. We rather...mucked it up."
Steve Rogers,You didnt. Knowing that you helped found SHIELD is half the reason I stay.
narrator,Peggy takes Steves hand
Peggy Carter,"The world has changed and none of us can go back. All we can do is our best, and sometimes the best that we can do is to start over."
narrator,"Peggy starts to cough, Steve turns to get her some water and goes to hand it to her"
Steve Rogers,Peggy.
narrator,suddenly Peggy looks at Steve like shes seeing for the first time since he was frozen
Peggy Carter,Steve?
Steve Rogers,Yeah.
Peggy Carter,"Youre alive! You...you came, you came back."
Steve Rogers,"Yeah, Peggy."
narrator,Peggy begins to cry
Peggy Carter,Its been so long. So long.
Steve Rogers,"Well, I couldnt leave my best girl. Not when she owes me a dance."
narrator,Fury is alone in his office; to his voice controlled computer
Nick Fury,"Secure office. [all the windows are blackened, Fury takes out the flash drive Natasha had downloaded all the files from the the Lemurian Star and places it in his computer] Open Lemurian Star satellite launch file."
SHIELD Computer,Access denied.
Nick Fury,Run decryption.
SHIELD Computer,Decryption failed.
Nick Fury,"Director override, Fury, Nicholas J."
SHIELD Computer,Override denied. All files sealed.
Nick Fury,On whose authority?
SHIELD Computer,"Fury, Nicholas J."
narrator,Fury looks confused and worried
Nick Fury,World Security Council.
SHIELD Computer,Confirmed.
narrator,Alexander Pierce is holding a virtual meeting with the World Security Council
Councilman Rockwell,"If Nick Fury thinks he can get us costumed thugs and STRIKE commandos to mop-up his mess, hes sadly mistaken. This failure is unacceptable."
Councilman Singh,"Well, considering this attack took place one mile from my countrys sovereign waters, its a bit more then that. I move for immediate hearing."
Councilwoman Hawley,"We dont need hearings, we need action. Its this Councils duty to oversee SHIELD."
Councilman Yen,A breach like this raises serious questions.
Councilman Rockwell,Like how the hell did a French pirate manage to hijack a covert SHIELD vessel in broad daylight?
Alexander Pierce,"For the record, councilman, hes Algerian. I can draw a map if itll help."
Councilman Rockwell,"I appreciate your wits, Secretary Pierce. But this council take things like international piracy fairly seriously."
Alexander Pierce,"Really? I dont. I dont care about one boat, I care about the fleet. If this council is going to fold a rancor every time someone pushes us on the playing field, maybe we need someone to oversee us."
Councilman Yen,"Mr. Secretary, nobody is suggesting..."
narrator,they are interrupted by Pierces assistant walking in and whispering something to Pierce; to the council
Alexander Pierce,Excuse me.
Councilman Rockwell,"More trouble, Mr. Secretary?"
Alexander Pierce,It depends on your definition.
narrator,the meeting ends as Pierce leaves
Alexander Pierce,I work forty floors away and it takes a hijacking for you to visit?
Nick Fury,"Well, a nuclear war would do it too."
narrator,they shake hands; referring to Pierces meeting with the World Security Council
Nick Fury,Busy in there?
Alexander Pierce,Nothing some earmarks cant fix.
Nick Fury,"Im, uh...here to ask a favor. I want you to call for a vote. Project insight has to be delayed."
Alexander Pierce,"Nick, thats not a favor, thats a subcommittee hearing. A long one."
Nick Fury,"It could be nothing, probably is nothing. I just need time to make sure its nothing."
Alexander Pierce,What if its something?
Nick Fury,Then well both be damn glad those Helicarriers arent in the air.
narrator,Pierce hesitates a moment before replying
Alexander Pierce,"Fine. But you gotta get Iron Man to stop by my nieces birthday party. And not just a flyby, he has to conversate."
narrator,Nick shakes his hand
Nick Fury,"Thank you, sir."
Alexander Pierce,"And not just a fly-by, hes got to mingle."
narrator,Pierce turns and leaves
narrator,Steve goes to a PTSD group meeting where Sam is counseling other veterans
Female War Veteran,"The thing is I think its getting worse. A cop pulled me over last week, he thought I was drunk. I swerved to miss a plastic bag. I thought it was an IED."
Sam Wilson,"Some stuff you leave there, other stuff you bring back. Its our job to figure out how to carry it. Is it gonna be in a big suitcase or in a little man-purse? Its up to you."
narrator,after the meeting ends Steve waits for Sam as he finishes saying goodbye to the veterans
Female War Veteran,Ill see you next week.
Sam Wilson,Yeah.
Female War Veteran,Yeah. [Sam walks over to Steve]
Sam Wilson,Look who it is. The running man.
Steve Rogers,Caught the last few minutes. Its pretty intense.
Sam Wilson,"Yeah, brother, we all got the same problems. Guilt, regret."
Steve Rogers,You lose someone?
Sam Wilson,"My wingman, Riley. Fly in the night mission. A standard PJ rescue op, nothing we hadnt done a thousand times before, till RPG knock Rileys dumb ass out of the sky. Nothing I could do. Its like I was up there just to watch."
Steve Rogers,Im sorry.
Sam Wilson,"After that, I had really hard time finding a reason for being over there, you know?"
Steve Rogers,"But youre happy now, back in the world?"
Sam Wilson,"Hey, the number of people giving me orders is down to about zero. So, hell, yeah. You thinking about getting out?"
Steve Rogers,"No. I dont know. To be honest, I dont know what I would do with myself if I did."
Sam Wilson,"Ultimate fighting? [Steve laughs] Its just a great idea off the top of my head. But seriously, you could do whatever you want to do. What makes you happy?"
Steve Rogers,I dont know. [as Fury drives he instructs his car computer to make a call]
Furys Car,Activating communications encryption protocol.
Nick Fury,Open secure line zero-four-zero-five.
Furys Car,Confirmed.
Maria Hill,This is Hill.
Nick Fury,I need you here in D.C. Deep shadow conditions.
Maria Hill,Give me four hours.
Nick Fury,"You have three, over. [Fury stops at a red traffic light, he looks over to the next car and sees the two police officers in the car look at him with suspicion] Want to see my lease? [the policemen quickly sound their police horn once before they start to drive off, as Fury goes to drive off suddenly another police car smashes into his car, his car is then surrounded by several other police cars crashing into him; inside his car Fury is injured]"
Furys Car,"Fracture detected. Recommend anesthetic injection. [as Fury is giving himself the injection a SWAT team truck pulls up] D.C. Metropolice dispatch shows no units in this area. [Fury is surrounded by the police and SWAT team, he quickly realizes they are all disguised mercenaries; to his car computer]"
Nick Fury,Get me out of here! [the mercenaries suddenly start shooting at Furys car]
Furys Car,Propulsion systems offline.
Nick Fury,"Then reboot, dammit! [the armor on Furys vehicle starts to become weaker, the mercenaries bring out a battering ram to break in]"
Furys Car,Warning! Window integrity compromised.
Nick Fury,You think? How long to propulsion?
Furys Car,Calculating. [the mercenaries start to use the battering ram on Furys car window] Window Integrity thiry-one percent. Deploying countermeasures.
Nick Fury,Hold that order! [the batterring ram is smashed against the car window again]
Furys Car,Window Integrity nineteen percent. Offensive measures advised.
Nick Fury,Wait! [the battering ram is smashed against the window again]
Furys Car,Window Integrity one percent.
Nick Fury,Now! [suddenly a minigun pulls up from inside the car and Fury uses it to return fire on the mercenaries causing the SWAT truck and some of the police cars to explode]
Furys Car,Propulsion systems now online.
Nick Fury,"Full acceleration, now! [as he continues to fire at the mercenaries Furys car automatically backs up and drives off] Initiate vertical takeoff!"
Furys Car,Flight systems damaged.
Nick Fury,Then activate guidance camera! [Fury goes over into the drivers seat] Give me the wheel! [Fury takes over driving his car as the mercenaries chase after him in their police cars] Get me Agent Hill.
Furys Car,Communications array damaged.
Nick Fury,"Well, whats not damaged?"
Furys Car,Air conditioning is fully operational. [the police cars continue to chase after Fury as he weaves through the cars on the road] Traffic ahead.
Nick Fury,Give me an alternate route.
Furys Car,"Traffic alert on Roosevelt Bridge. All vehicles stopped. 17 Avenue clear in three blocks, directly ahead. [as Fury heads into the traffic he smashes into some cars causing a pile up which stops the police cars, the mercenaries get out and start shooting at Furys car, Fury manages to kill two of the mercenaries by running them down before getting past the traffic, but the remaining mercenaries continue to chase after him and manage to sandwich Furys vehicle between them] Warning, approaching intersection. [as they approach the intersection Fury manages to shake off the two police cars, killing off the mercenaries]"
Nick Fury,Get me off the grid!
Furys Car,"Calculating route to secure location. [Fury sees a mysterious figure emerge ahead which suddenly shoots a bomb that attaches itself to Furys vehicle causing it to explode and flip over; trapped inside his car, Fury watches as the figure walks over to the car but he manages to escape just in time by using a laser weapon to burn a hole out] [as Steve is walking to his apartment his hears his pretty neighbor talking on the phone as she goes to do her laundry]"
Sharon Carter,"Thats so sweet. That is so nice. Hey. I gotta go, though. Okay, bye. [turning to Steve] My aunt, shes kind of an insomniac. [Steve smiles at her] Yep."
Steve Rogers,"Hey, if you want...if you want, youre welcome to use my machine. Might be cheaper than the one in the basement."
Sharon Carter,"Oh, yeah? Whats it cost?"
Steve Rogers,A cup of coffee?
Sharon Carter,"Thank you, but um...I already have a load in downstairs, and, uh...you really dont want my scrubs in your machine. Im just finished orientation in the infectious diseases ward, so."
Steve Rogers,"Ah, well, Ill keep my distance."
Sharon Carter,"Well hopefully not too far. [Steve nods and turns to go into his apartment] Oh, and I think you left your stereo on."
Steve Rogers,"Oh. Right, thank you."
Sharon Carter,"Yeah. [Steve watches her go down the stairs before turning in suspicion to his door] [Steve hears music as he cautiously enters his apartment though the window, he grabs his shield for protection and finds Fury sitting on his couch in the dark]"
Steve Rogers,I dont remember giving you a key.
Nick Fury,You really think Id need one? My wife kicked me out.
Steve Rogers,Didnt know you were married.
Nick Fury,There are a lot of things you dont about me.
Steve Rogers,"I know, Nick. Thats the problem. [as Steve turns on the light he notices Furys injuries for the first time, but Fury indicates for him to be silent, he turns off the light and writes something on his phone and shows it to Steve; ""ears everywhere""]"
Nick Fury,"Im sorry to have do this, but I had no place else to crash. [he writes another text and shows it to Steve; ""SHIELD compromised""]"
Steve Rogers,"Who else knows about your wife? [Fury shows him another text; ""You and me""]"
Nick Fury,Just...my friends.
Steve Rogers,Is that what we are?
Nick Fury,"Thats up to you. [suddenly Fury is shot three times from through the window and collapses, Steve looks out the window for the shooter then he quickly drags Fury to the next room, before he leaves Fury hands him the flash drive] Dont...trust anyone. [Fury passes out] [Steve hears someone breaking into his apartment and hears his neighbor calling out to him]"
Sharon Carter,"Captain Rogers? [Steve sees her walking in with her gun pointed] Captain, Im Agent 13 of SHIELDs Special Service."
Steve Rogers,Kate?
Sharon Carter,Im assigned to protect you.
Steve Rogers,On whose order? [noticing Fury lying injured on the ground]
Sharon Carter,"His. [she goes to Fury then contacts SHIELD through her radio] oxtrot is down, hes unresponsive. I need EMTs."
SHIELD Agent,Do you have a twenty on the shooter? [Steve notices the shooter though the window]
Steve Rogers,"Tell them Im in pursuit. [Steve smashes through his window and runs after the assassin, who is the same mysterious man that had exploded Furys car, Steve chases him through an office building smashing through the walls, when he finally catches up with him on the roof he throws his shield at the assassin, but he catches it with one swift move, then throws it back to Steve and then jumps down the building and disappears] [Natasha goes to the hospital and meets up with Steve, they watch doctors operating on Fury]"
Natasha Romanoff,Is he gonna make it?
Steve Rogers,I dont know.
Natasha Romanoff,Tell me about the shooter.
Steve Rogers,Hes fast and strong. He had a metal arm. [just then Agent Maria Hill also joins them]
Natasha Romanoff,Ballistics?
Maria Hill,Three slugs. No rifling and completely untraceable.
Natasha Romanoff,Soviet made?
Maria Hill,Yeah. [suddenly they watch in shock as Furys state deteriorates]
Doctor #1,Hes dropping.
Nurse,Crash cart coming in.
Doctor #2,"Nurse, help me with the gauzes, please. BP is dropping. Defibrillator! [Steve, Natasha and Hill watch in shock as Fury is flatlining] Charge to one hundred."
Natasha Romanoff,"Dont do this to me, Nick."
Doctor #2,"Stand back! Three, two, one. Clear! [Fury is given a shock with the defibrillator] Pulse?"
Doctor #1,No pulse.
Doctor #2,"Okay. Charge to two hundred, please. Stand back! Three, two, one. Clear! [Fury is given another shock] Give me epinephrine! Pulse?"
Doctor #1,Negative.
Natasha Romanoff,"Dont do this to me, Nick. Dont do this to me. [the three watch the doctors as they continue to revive Fury but Fury is still showing as flatlining, Steve turns away as they finally call his time of death]"
Doctor #2,Whats the time?
Nurse,"1:03, Doctor."
Doctor #2,"Time of death, 1:03 A.M. [Steve looks down at the flash drive Fury had given him] [Natasha and Steve are in a room where Furys dead body has been laid out, Natasha is looking at Furys body with tears running down her face, Hill joins them]"
Maria Hill,We need to take him. [Steve goes over to Natasha]
Steve Rogers,"Natasha. [she doesnt respond, instead she tenderly touches Furys head then turns and walks out, Steve follows her] Natasha!"
Natasha Romanoff,Why was Fury in your apartment?
Steve Rogers,I dont know. [they are interrupted by Rumlow]
Brock Rumlow,"Captain, they want you back at SHIELD."
Steve Rogers,"Yeah, give me a second."
Brock Rumlow,They want you now.
Steve Rogers,Okay. [Steven turns to Natasha]
Natasha Romanoff,Youre a terrible liar. [she turns and walks off] [as Steve watches Natasha leave]
SHIELD Agent,STRIKE team escort Captain Rogers back to SHIELD immediately.
Brock Rumlow,"I told him. [Steve suddenly notices the vending machine next to him, we then see Steve walking towards Rumlow]"
Steve Rogers,Lets go.
Brock Rumlow,"Yeah. [to the agents] STRIKE, move it out. [as they leave we see that Steve has hid the flash drive behind a pack of gums in the vending machine] [back at SHIELD, Steve is brought to Pierce who is talking to Agent 13]"
Alexander Pierce,"For whatever its worth, you did your best."
Sharon Carter,"Thank you, sir. [as she turns to leave she sees Steve] Captain Rogers. [Steve replies coldly as he walks towards Pierce]"
Steve Rogers,Neighbor.
Alexander Pierce,"Ah, Captain. Im Alexander Pierce."
Steve Rogers,"Sir, its an honor. [they shake hands]"
Alexander Pierce,"The honor is mine, Captain. My father served in the 101st. Come on in. [they enter Pierces office where he shows Steve an old photo of Fury with Pierce] That photo was taken five years after Nick and I met. When I was at State Department in Bogota. ELN rebels took the embassy, and security got me out, but the rebels took hostages. Nick was deputy chief for the SHIELD station there. And he comes to me with a plan. He wants to storm the building through the sewers. I said, ""No, well negotiate."" Turned out the ELN didnt negotiate, so they put out a kill order. They stormed the basement, and what did they find? They find it empty. Nick had ignored my direct order and carried out an unauthorized military operation on foreign soil. He saved the lives of a dozen political officers, including my daughter."
Steve Rogers,So you gave him a promotion.
Alexander Pierce,"Ive never had any cause to regret it. Captain, why was Nick in your apartment last night?"
Steve Rogers,I dont know.
Alexander Pierce,You know it was bugged?
Steve Rogers,"I did, because Nick told me."
Alexander Pierce,Did he tell you he was the one who bugged it? [Steve doesnt reply obviously not knowing this information] I want you to see something. [he brings up footage of Batroc being interrogated]
SHIELD Agent,"Who hired you, Batroc?"
Steve Rogers,Is that live?
Alexander Pierce,"Yeah, they picked him up last night in a not-so-safe house in Algiers."
Steve Rogers,Are you saying hes a suspect? Assassination isnt Batrocs line.
Alexander Pierce,"No, its more complicated than that. Batroc was hired anonymously to attack the Lemurian Star and he was contacted by e-mail and paid by wire transfer. And then the money was run through seventeen fictitious accounts, the last one going to a holding company that was registered to a Jacob Veech."
Steve Rogers,Am I supposed to know who that is? [he hands Steve the file]
Alexander Pierce,Not likely. Veech died six years ago. His last address was 14-35 Elmhurst Drive. When I first met Nick his mother lived at 14-37.
Steve Rogers,Are you saying Fury hired the pirates? Why?
Alexander Pierce,Well the prevailing theory was that the hijacking was a cover for the acquisition and sale of classified intelligence. The sale went sour and that led to Nicks death.
Steve Rogers,If you really knew Nick Fury you know thats not true.
Alexander Pierce,"Why do you think were talking? See, I took a seat on the Council not because I wanted to but because Nick asked me to, because we were both realists. We knew that despite all the diplomacy and the handshaking and the rhetoric, that to build a really better world sometimes means having to tear the old one down. And that makes enemies. Those people that call you dirty because you got the guts to stick your hands in the mud and try to build something better. And the idea that those people could be happy today, makes me really, really angry. [he hesitates a moment] Captain, you were the last one to see Nick alive. I dont think thats an accident, and I dont think you do either. So Im gonna ask again, why was he there?"
Steve Rogers,He told me not to trust anyone.
Alexander Pierce,I wonder if that included him. [Steve pauses a moment before replying]
Steve Rogers,"Im sorry. Those were his last words. Excuse me. [Steve picks up his shield, places it on his back and starts to make his out of the office]"
Alexander Pierce,"Captain. [Steve stops and looks at Pierce] Somebody murdered my friend and Im gonna find out why. Anyone gets in my way, theyre gonna regret it. Anyone."
Steve Rogers,Understood. [Steve turns and leaves] [after Steve leaves Pierces office he steps into the elevator] Operations control.
SHIELD Computer,Confirmed. [just as the elevator doors are about to close Rumlow steps in with two STRIKE agents]
Brock Rumlow,All STRIKE personal on site.
STRIKE Agent #1,Understood.
STRIKE Agent #2,"Yes, sir."
Brock Rumlow,Forensics.
SHIELD Computer,Confirmed.
Brock Rumlow,Cap.
Steve Rogers,Rumlow. [the elevator doors close and they start riding down]
Brock Rumlow,Evidence response found some fibers on the roof they want us to see. You want me to get the tac-team ready?
Steve Rogers,"No, lets wait and see what it is first."
Brock Rumlow,Right. [Steve notices one of the agents touching his weapon suspiciously] [the elevator stops and more SHIELD and STRIKE agents enter]
SHIELD Agent #1,Whats the status so far?
SHIELD Agent #2,Administrations level.
SHIELD Computer,Confirmed.
SHIELD Agent #2,[to Steve] Excuse me.
Brock Rumlow,[to Steve] Um...sorry about what happened with Fury. Messed up what happened to him.
Steve Rogers,"Thank you. [feeling something is off, Steve looks at the agents in the elevator and notices one of them is sweating, then the elevator stops and more agents enter]"
STRIKE Agent #3,Records.
SHIELD Computer,Confirmed. [as the elevator doors close Steve realizes hes been surrounded by agents]
Steve Rogers,"Before we get started, does anyone want to get out? [theres a moments pause before suddenly one of the agents turns and uses an electric rod to give Steve a shock, the others grab him and try to strap his wrists with magnetic cuffs, Steve manages to knock some of them down but one cuff remains, then Rumlow uses his rod to give Steve a shock] [as Steve is being attacked we see Sitwell in a controls room watching them from a monitor]"
Jasper Sitwell,"Mobilize STRIKE units, 25th floor. [Steve manages free himself from the magnetic cuff and knock all the agents down, he turns to Rumlow]"
Brock Rumlow,"Woh, big guy. I just want you to know, Cap, this aint personal. [Rumlow then goes to attack Steve with his electric rod but Steve manages to defend himself and eventually knocks Rumlow out]"
Steve Rogers,"It kind of feels personal. [Steve picks up his shield then opens the elevator doors, but hes faced by a team of STRIKE agents pointing their weapons at him]"
25th Floor STRIKE Agent,"Drop the shield! Put your hands in the air! [Steve uses his shield to breaks off the elevator wires which sends the elevator down, as he forces the doors open he sees more STRIKE agents approaching him, he closes the door and looks for a way out]"
STRIKE Agent,"Give it up, Rogers! Get that door open! You have nowhere to go! [Steve breaks through the glass in the elevator and plummets down to finally hit the ground floor, from his monitor Sitwell watches in shock as Steve gets up and starts running off]"
Jasper Sitwell,"Are you kidding me? [ordering the STRIKE team] Hes headed for the garage. Lock down the bridge! [Steve rides out of the SHIELD garage on his motorcycle, evading the obstacles laid out but then a Quinjet emerges ahead of him]"
Quinjet Pilot,"Stand down, Captain Rogers. Stand down. [the Quinjet lowers its machine gun] Repeat, stand down. [as Steve doesnt stop they start shooting at him, Steve throws his shield into the propellers to jam it, giving him an opportunity to hop onto it and do more damage to the jet with his shield before jumping off as the jet goes crashing down and he escapes]"
Jasper Sitwell,"[to the SHIELD agents] Eyes here. [everyone, including Agent 13, to look at Sitwell] Whatever your op is, bury it. This is level one. Contact DOT. All traffic lights in the district go red. Shut all runways at BWI, IAD and Reagan. All security cameras in the city go through this monitor, right here. Scan all open sources. Phones, computers, PDAs, whatever. If someone Tweets about this guy, I want to know about it."
Sharon Carter,"With all due respect, If SHIELD is conducting a manhunt for Captain America, we deserve to know why."
Alexander Pierce,"Because he lied to us. [Pierce enters the room] Captain Rogers has information regarding the death of Director Fury, he refused to share it. As difficult as this is to accept, Captain America is a fugitive from SHIELD. [disguised as a civilian dressed in a hoody, Steve goes back to the hospital to retrieve the flash drive from the vending machine but sees its gone, then Natasha appears behind him chewing some gum, in anger Steve pushes her into a room]"
Steve Rogers,Where is it?
Natasha Romanoff,Safe.
Steve Rogers,Do better!
Natasha Romanoff,Where did you get it?
Steve Rogers,Why would I tell you?
Natasha Romanoff,Fury gave it to you. Why?
Steve Rogers,Whats on it?
Natasha Romanoff,I dont know.
Steve Rogers,Stop lying!
Natasha Romanoff,"I only act like I know everything, Rogers."
Steve Rogers,"I bet you knew Fury hired the pirates, didnt you?"
Natasha Romanoff,"Well, it makes sense. The ship was dirty, Fury needed a way in, so do you."
Steve Rogers,Im not gonna ask you again.
Natasha Romanoff,"I know who killed Fury. Most of the intelligence community doesnt believe he exists, the ones who do call him the Winter Soldier. Hes credited with over two dozen assassinations in the last fifty years."
Steve Rogers,So hes a ghost story.
Natasha Romanoff,"Five years ago I was escorting a nuclear engineer out of Iran, somebody shot at my tires near Odessa. We lost control, went straight over a cliff, I pulled us out, but the Winter Soldier was there. I was covering my engineer, so he shot him straight through me. [she pulls up her shirt to show him the bullet wound on the side of her stomach] A Soviet slag, no rifling. Bye-bye bikinis."
Steve Rogers,"Yeah, I bet you look terrible in them now. [theres a hit of a smile from Natasha]"
Natasha Romanoff,"Going after him is a dead end. I know, Ive tried. [Natasha holds up the flash drive] Like you said, hes a ghost story. [Steve takes the flash drive from her]"
Steve Rogers,"Well, lets find out what the ghost wants. [Pierce is holding another virtual meeting with the World Security Council]"
Alexander Pierce,"Nick Fury was murdered in cold blood. To any reasonable person, that would make him a martyr, not a traitor."
Councilman Rockwell,You know what makes him a traitor? Hiring a mercenary to hijack his own ship.
Councilman Singh,"Nick Fury used your friendship to coerce this council into delaying Project Insight. A project he knew would expose his own illegal operations. At best, he lied to you. At worst..."
Alexander Pierce,Are you calling for my resignation? Ive got a pen and paper right here.
Councilwoman Hawley,That discussion can be tabled for a later time.
Alexander Pierce,But you do want to have a discussion.
Councilman Rockwell,"Weve already had it, Mr. Secretary. This council moves to immediately reactivate Project Insight. If you want to say something snappy, now would be a good time. [Steve and Natasha go to the mall disguised as a civilian couple]"
Natasha Romanoff,"First rule of going on the run is, dont run, walk."
Steve Rogers,"If I run in these shoes, theyre gonna fall off. [they go to a Mac store to use one of their computers]"
Natasha Romanoff,"The drive has a level six homing program, so as soon as we boot up SHIELD will know exactly where we are."
Steve Rogers,How much time do we have?
Natasha Romanoff,"Uh...about nine minutes from... [she pops the flash drive into a MacBook Pro] Now. [we see several SHIELD vehicles heading their way] Fury was right about that ship, somebodys trying to hide something. This drive is protected by some sort of AI, it keeps rewriting itself to counter my commands."
Steve Rogers,Can you override it?
Natasha Romanoff,"The person who developed this is slightly smarter than me. Slightly. [Rumlow and his team pull up outside the mall and head inside] [back at the Mac store, Steve and Natasha continue to try and find out whats on the flash drive] Im gonna try running a tracer. This is a program that SHIELD developed to track hostile malware, so if we cant read the file, maybe we can find out where it came from."
Apple Employee,Can I help you guys with anything?
Natasha Romanoff,"Oh, no. My fianc√© was just helping me with some honeymoon destinations."
Steve Rogers,Right! Were getting married.
Apple Employee,Congratulations. Where do you guys thinking about going? [Steve looks at the monitor and sees the signal traced to somewhere in New Jersey]
Steve Rogers,New Jersey.
Apple Employee,Oh. [the employee looks at Steve for a moment] I have the exact same glasses.
Natasha Romanoff,"Wow, you two are practically twins."
Apple Employee,"Yeah, I wish. Specimen. Uh...if you guys need anything, Ive been Aaron."
Steve Rogers,"Thank you. [as Rumlow and his team are in the mall looking for Steve and Natasha] You said nine minutes, come on."
Natasha Romanoff,"Shh, relax. Got it. [they find the signal is coming from Wheaton, NJ] You know it?"
Steve Rogers,"I used to. Lets go. [Steve pulls the flash drive from the computer and they walk out of the store] Standard tac-team. Two behind, to across, two coming straight at us. If they make us, Ill engage, you hit the south escalator to the metro.] [as two agents are coming straight towards them]"
Natasha Romanoff,"Shut up and put your arm around me, laugh at something I said."
Steve Rogers,What?
Natasha Romanoff,Do it! [Steve quickly puts his arm around Natasha and laughs] [inside the Mac store one of the agents looks around]
Jack Rollins,Negative at the source.
Brock Rumlow,Give me a floor rundown.
SHIELD Agent #2,Negative on three.
SHIELD Agent #3,Negative on two.
Brock Rumlow,"Scan the upper levels, work down to me. [as they are going down the escalator Natasha spots Rumlow on the escalator next to them going up, she turns to Steve]"
Natasha Romanoff,Kiss me.
Steve Rogers,What?
Natasha Romanoff,Public displays of affection make people very uncomfortable.
Steve Rogers,"Yes, they do. [she quickly pulls down Steves head and kisses him making Rumlow look away as he goes past them on the escalator]"
Natasha Romanoff,You still uncomfortable?
Steve Rogers,Its not exactly the word I would use. [as they drive to New Jersey]
Natasha Romanoff,Where did Captain America learn how to steal a car?
Steve Rogers,Nazi Germany.
Natasha Romanoff,Mm.
Steve Rogers,And were borrowing. Take your feet off the dash. [Natasha takes her feet off the dash]
Natasha Romanoff,"Alright, I have a question for you, of which you do not have to answer. I feel like if you dont answer it though, youre kind of answering it, you know?"
Steve Rogers,What?
Natasha Romanoff,Was that your first kiss since 1945?
Steve Rogers,"That bad, huh?"
Natasha Romanoff,I didnt say that.
Steve Rogers,"Well, it kind of sounds like thats what youre saying."
Natasha Romanoff,"Nobody special, though? [Steve chuckles]"
Steve Rogers,"Believe it or not, its kind of hard to find someone with shared life experience."
Natasha Romanoff,"Well, thats alright, you just make something up."
Steve Rogers,"What, like you?"
Natasha Romanoff,"I dont know. The truth is a matter of circumstances, its not all things to all people all the time. And neither am I."
Steve Rogers,Thats a tough way to live.
Natasha Romanoff,"Its a good way not to die, though."
Steve Rogers,"You know, its kind of hard to trust someone when you dont know who that someone really is."
Natasha Romanoff,Yeah. Who do you want me to be?
Steve Rogers,How about a friend? [Natasha laughs softly]
Natasha Romanoff,"Well, theres a chance you might be in the wrong business, Rogers. No, I didnt. I just wondered how much practice you had."
Steve Rogers,I dont need practice.
Natasha Romanoff,Everybody needs practice.
Steve Rogers,"It was not my first kiss since 1945. Im ninety-five, Im not dead. [the two pull up to outside an abandoned military base where the signal led them to] This is it?"
Natasha Romanoff,The file came from these coordinates.
Steve Rogers,So did I. [later that night as they walk around the base trying to pinpoint where the signal came from] This camp is where I was trained.
Natasha Romanoff,Changed much?
Steve Rogers,"A little. [Steve has a brief visions of his former, smaller self running past him as hes getting trained with other soldiers]"
1940s Soldier,"Pick up the pace, ladies! Lets go! Lets go! Double time! Come on Rogers, move it [his former self stops and stares at Steve as he is now] Come on! Fall in! Rogers! I said fall in! [present Steve watches nostalgically as the former Steve runs off]"
Natasha Romanoff,"This is a dead end. Zero heat signature, zero waves, not even radio. Whoever wrote the file must have used a router to throw people off. [Steve notices a building ahead of them] What is it? [as they walk over to the building]"
Steve Rogers,"Army regulations forbid storing ammunition within five hundred yards from the barracks. This building is in the wrong place. [Steve opens the lock with his shield and they enter inside, when they turn on the lights they notice its a SHIELD office]"
Natasha Romanoff,This is SHIELD.
Steve Rogers,"Maybe where it started. [they enter a room where they find old framed portraits of Howard Stark, Peggy and Col. Chester Phillips]"
Natasha Romanoff,Theres Starks father.
Steve Rogers,Howard.
Natasha Romanoff,Whos the girl? [Steve doesnt reply and turns away to walk further down the room and stops by a massive book shelf]
Steve Rogers,If you already working in a secret office... [he pushes the books shelf and slides open to reveal an elevator behind it] Why do you need to hide the elevator? [they go down the elevator which takes them to a room with old looking computers]
Natasha Romanoff,"This cant be the data-point, this technology is ancient. [suddenly Natasha notices a small flash drive port, she places the flash drive in it which then activates the ancient computer in the room]"
Computer,Initiate system? [Natasha types using the keyboard]
Natasha Romanoff,"Y-E-S, spells yes. [Natasha smiles as the old computer starts to cranks up] ""Shall we play a game?"" [to Steve] Its from a movie that..."
Steve Rogers,"Yeah, I saw it. [suddenly they hear an accented voice speaking]"
Dr. Arnim Zola,"Rogers, Steven. Born, 1918. Romanoff, Natalia Alianovna. Born, 1984. [they see an old camera moving above them as it analyzes them]"
Natasha Romanoff,Its some kind of a recording.
Dr. Arnim Zola,"I am not a recording, Fr√§ulein. I may not be the man I was when the Captain took me prisoner in 1945, but I am. [the computer screen shows an old photo of Dr. Arnim Zola]"
Natasha Romanoff,Do you know this thing?
Steve Rogers,Arnim Zola was a German scientist who worked for the Red Skull. Hes been dead for years.
Dr. Arnim Zola,"First correction, I am Swiss. Second, look around you. I have never been more alive. In 1972 I received a terminal diagnosis. Science could not save my body, my mind, however, that was worth saving on two hundred thousand feet of data banks. You are standing in my brain."
Steve Rogers,How did you get here?
Dr. Arnim Zola,Invited.
Natasha Romanoff,It was Operation Paperclip after World War II. SHIELD recruited German scientists with strategic values.
Dr. Arnim Zola,They thought I could help their cause. I also helped my own.
Steve Rogers,HYDRA died with the Red Skull.
Dr. Arnim Zola,"Cut off one head, two more shall take its place."
Steve Rogers,Prove it.
Dr. Arnim Zola,"Accessing archive. [the computer screen shows them old footage of Johann Schmidt/Red Skull, of the how the original SHIELD founders] HYDRA was founded on the belief that humanity could not be trusted with its own freedom. What we did not realize, was that if you try to take that freedom, they resist. The war taught us much. Humanity needed to surrender its freedom willingly. After the war, SHIELD was founded and I was recruited. The new HYDRA grew. A beautiful parasite inside SHIELD. For seventy years HYDRA has been secretly feeding crisis, reaping war. And when history did not cooperate, history was changed."
Natasha Romanoff,"Thats impossible, SHIELD would have stopped you."
Dr. Arnim Zola,"Accidents will happen. [the computer screen shows them HYDRA had killed Howard and Maria Stark making it look like a car accident along with the recent death of Fury] HYDRA created a world so chaotic that humanity is finally ready to sacrifice its freedom to gain its security. Once the purification process is complete, HYDRAs new world order will arise. We won, Captain. Your death amounts to the same as your Life; a zero sum. [in anger Steve suddenly smashes the computer screen] As I was saying... Whats on this drive? Project Insight requires insight. So I wrote an algorithm."
Natasha Romanoff,What kind of algorithm? What does it do?
Dr. Arnim Zola,"The answer to your question is fascinating. Unfortunately, you shall be too dead to hear it. [suddenly the doors starts to close, Steve tries stops it by throwing his shield in between it but hes too late] Admit it, its better this way. Were both of us...out of time. [Steve notices a small opening on the ground, he throws the metal door aside and just as the place explodes he throws himself and Natasha into the whole and protects them with his shield, he them manages to get them out from under the building rubble just as STRIKE agents arrive to roam the area for them]"
Brock Rumlow,"Call in the asset. [at his home, Pierce goes to his kitchen to get a drink when he sees the Winter Soldier sat behind behind him with his gun on the table when his housekeeper calls out]"
Renata,"Im going to go, Mr. Pierce. You need anything before I leave?"
Alexander Pierce,"No. Uh...its fine, Renata, you can go home."
Renata,"Okay, night-night."
Alexander Pierce,"Good night. [Renata leaves] Want some milk? [the Winter Soldier doesnt reply] The timetable has moved. Our window is limited. Two targets, level six. [he pours himself a glass of milk and goes over to join the Winter Soldier at the table] They already cost me Zola. I want confirmed death in ten hours. [just then Renata interrupts them as she enters the kitchen]"
Renata,"Sorry, Mr. Pierce, I...I forgot my phone. [she notices the Winter Soldier]"
Alexander Pierce,"Oh, Renata. I wish you would have knocked. [Pierce picks up the gun from the table and shoots and kills her] [returning home from his morning run Sam hears a knock at his door, he opens the door to see Steve and Natasha]"
Sam Wilson,"Hey, man."
Steve Rogers,Im sorry about this. We need a place to lay low.
Natasha Romanoff,Everyone we know is trying to kill us. [Sam pauses a moment before replying]
Sam Wilson,"Not everyone. [Sam lets them enter, later as Steve and Natasha are cleaning up, Steve notices Natasha looking sad and thoughtful]"
Steve Rogers,You okay?
Natasha Romanoff,Yeah.
Steve Rogers,Whats going on?
Natasha Romanoff,"When I first joined SHIELD, I thought it was going straight. But I guess I just traded in the KGB for HYDRA. I thought I knew whose lies I was telling, but...I guess I cant tell the difference anymore."
Steve Rogers,Theres a chance you might be in the wrong business. [Natasha smiles faintly]
Natasha Romanoff,I owe you.
Steve Rogers,Its okay.
Natasha Romanoff,"If it was the other way around, and it was down to me to save your life, and you be honest with me, would you trust me to do it?"
Steve Rogers,I would now. And Im always honest.
Natasha Romanoff,"Well, you seem pretty chipper for someone who just found out they died for nothing."
Steve Rogers,"Well, I guess I just like to know who Im fighting."
Sam Wilson,[to Steve and Natasha] I made breakfast. If you guys...eat that sort of thing. [later as they are sat in Sams kitchen]
Steve Rogers,Pierce.
Natasha Romanoff,Who happens to be sitting on top of the most secure building in the world.
Steve Rogers,"But hes not working alone, Zolas algorithm was on the Lemurian Star."
Natasha Romanoff,So was Jasper Sitwell.
Steve Rogers,Whats this?
Sam Wilson,Call it a resume. [Natasha picks up a photo of Sam with his para-rescue team]
Natasha Romanoff,"Is this Bakhmala? The Khalid Khandil mission, that was you. [to Steve] You didnt say he was a para-rescue. [looking at the photo of Sam with his colleague]"
Steve Rogers,Is this Riley?
Sam Wilson,Yeah.
Natasha Romanoff,"I heard they couldnt bring in the choppers because of the RPGs. What did you use, a stealth chute?"
Sam Wilson,"No. These. [he hands Steve the file, Steve opens it and reads it]"
Steve Rogers,I thought you said youre a pilot.
Sam Wilson,I never said a pilot.
Steve Rogers,"I cant ask you to do this, Sam. You got out for a good reason."
Sam Wilson,"Dude, Captain America needs my help. Theres no better reason to get back in."
Steve Rogers,Where can we get our hands on one of these things?
Sam Wilson,"The last one is at Fort Meade, behind three guarded gates and a twelve-inch steel wall. [Steve looks at Natasha who shrugs her shoulders]"
Steve Rogers,Shouldnt be a problem. [Steve throws down the file on the table and we see that its a classified military project called Falcon] [after their meeting is over Sitwell walks out of the building with Senator Stern]
Senator Stern,"Listen, I gotta fly home tonight, cause uh...I got some constituency problem, and I gotta press the flesh."
Jasper Sitwell,"Any constituent in particular, Mr. Senator?"
Senator Stern,"Uh...no, not really. Twenty-three, kind of hot. Real hot. You know, wants to be a reporter, I think. I dont know, who listens at that point?"
Jasper Sitwell,Doesnt sound much of a problem to me.
Senator Stern,"Really? Cause shes killing my back. Look, this isnt the place to talk about it. [he touches Sitwells pin on his jacket] Thats a nice pin."
Jasper Sitwell,Thank you.
Senator Stern,"Come here. [they embrace and as they do Stern whispers to Sitwell] Hail, HYDRA. [as Stern steps away he touches his back] See that, right?"
Jasper Sitwell,"I just saw that, yeah."
Senator Stern,Should I get it checked?
Jasper Sitwell,"I think so. [Stern walks away] [Sitwell gets a call from Pierce, Sitwell turns to his men] I need a minute. Bring the car around. [his men leave and Sitwell answers the phone] Yes, sir."
Sam Wilson,"Agent Sitwell, how was lunch? I hear the crab cakes here are delicious."
Jasper Sitwell,Who is this?
Sam Wilson,"The good looking guy in the sunglasses, your ten oclock. [Sitwell looks around but doesnt see him] Your other ten oclock. [Sitwell turns the other way and sees Sam sitting a few feet away from him] There you go."
Jasper Sitwell,What do you want?
Sam Wilson,"Youre gonna go around the corner, to your right. Theres a grey car, two spaces down. You and I are gonna take a ride."
Jasper Sitwell,And why would I do that?
Sam Wilson,"Because that tie looks really expensive, and Id hate to mess it up. [Sitwell looks down at his tie and sees a small red light from the gun being pointed at him] [Steve throws Sitwell across a rooftop, Natasha follows behind him]"
Steve Rogers,Tell me about Zolas algorithm.
Jasper Sitwell,Never heard of it.
Steve Rogers,What were you doing on the Lemurian Star?
Jasper Sitwell,"I was throwing up, I get seasick. [Steve forces Sitwell to the edge of the rooftop, Sitwell just smiles]"
Steve Rogers,"Youre right. Its not. Its hers. [Steve steps aside and Natasha kicks Sitwell off the roof, he plummets down screaming]"
Natasha Romanoff,"Oh, wait. What about that girl from accounting, Laura...?"
Steve Rogers,"Lillian. Lip piercing, right?"
Natasha Romanoff,"Yeah, shes cute."
Steve Rogers,"Yeah, Im not ready for that. [suddenly, Sam, in his Falcon jet-pack suit with wings, flies up holding Sitwell and throws him down on the roof] [Steve and Natasha walk towards Sitwell, he holds his hand up in fear]"
Jasper Sitwell,Zolas algorithm is a program...for choosing Insights targets!
Steve Rogers,What targets?
Jasper Sitwell,"You! A TV anchor in Cairo, the Undersecretary of Defense, a high school valedictorian in Iowa city. Bruce Banner, Stephen Strange, anyone whos a threat to HYDRA! Now, or in the future."
Steve Rogers,The Future? How could it know? [Sitwell laughs]
Jasper Sitwell,"How could it not? The 21st century is a digital book. Zola taught HYDRA how to read it. [Steve and Natasha look at him in confusion] Your bank records, medical histories, voting patterns, e-mails, phone calls, your damn SAT scores. Zolas algorithm evaluates peoples past to predict their future."
Steve Rogers,And what then?
Jasper Sitwell,"Oh, my God. Pierce is gonna kill me."
Steve Rogers,What then?!
Jasper Sitwell,Then the Insight Helicarriers scratch people off the list. A few millions at a time. [as Sam drives them to Triskelion] HYDRA doesnt like leaks.
Sam Wilson,So why dont you try sticking a cork in it.
Natasha Romanoff,"Insights launching in sixteen hours, were cutting it a little bit close here."
Steve Rogers,I know. Well use him to bypass the DNA scans and access the Helicarriers directly.
Jasper Sitwell,"What?! Are you crazy? That is a terrible, terrible idea. [suddenly the Winter Soldier lands on the car roof, pulls Sitwell out through the window and throws him into the oncoming traffic, killing him, he then starts shooting at them until Steve pulls the break handle making the Winter Soldier drop down onto the street, as another car smashes into the trios car and pushes them along, the Winter Soldier jumps back onto their car, smashes through the windscreen and pulls out the steering wheel]"
Sam Wilson,"Shit! [Natasha starts shooting at him but the Winter Soldier jumps onto the vehicle behind them, as the trios car is being pulled off the road Steve holds on to the car door]"
Steve Rogers,"Hang on! [he breaks open the door, holding onto Natasha and Sam, they slide on the car door through the streets] [the Winter Soldier is joined by HYDRA agents and they start shooting at them, the trio scatter and run off in different directions with the Winter Soldier shooting at Natasha but she manages to shoot him in his eye goggle mask and run off]"
Winter Soldier,"[subtitled] Ill take care of her. Find him. [the Winter Soldier goes in pursuit of Natasha as the Hydra agents go after Steve and Sam who both manage to fend them off as they shoot at them, Steve then notices the Winter Soldier in pursuit of Natasha]"
Sam Wilson,"Go, I got this! [the Winter Soldier thinks hes found Natasha hiding behind a car as he can hear her voice]"
Natasha Romanoff,"Civilians threatened. I make an LZ, twenty-three hundred block at Virginia Avenue. Rendezvous two minutes. [he rolls a bomb towards where he thinks shes hiding] Civilians threatened. Repeat, civilians threatened. [as the bomb rolls behind the car we see that Natasha isnt actually there but a recording over her voice is being played back on a phone] I make an LZ, twenty-three hundred block at Virginia Avenue. Rendezvous two minutes. [as the bomb explodes Natasha jumps onto the Winter Soldiers back and tries to kill him but he throws her off, she starts running off as he goes after her]"
Natasha Romanoff,"[to the civilians as she tries to get away from the Winter Soldier] Get out of the way! Stay out of the way! [suddenly she gets shot in the shoulder, she falls and looks around her, as the Winter Soldier comes up from behind to shoot her Steve jumps in and attacks him, they fight and in the process the Winter Soldier takes Steves shield and throws it at him but Steve manages to avoid being hit, after battling it out more the Winter Soldiers mask comes off, as he looks around at Steve we learn the true identity of the Winter Soldier; Bucky Barnes]"
Steve Rogers,Bucky?
Bucky Barnes,"Who the hell is Bucky? [as Bucky goes to shoot at Steve Sam flies in and throws Steve aside, Bucky throws a bomb at Steve and runs off, Steve deflects the bomb with his shield as it explodes, then the trio hear sirens after which they are surrounded by HYDRA agents being led by Rumlow]"
Brock Rumlow,"Drop the shield, Captain! On your knees! Get on your knees! Now! Get down! Get down! [Steve holds his hands up] Get on your knees! Down! [he kicks Steves leg and Steve kneels down] Dont move. [Rumlow looks at the helicopter flying above them and warns the agent holding Steve at gunpoint] Put the gun down. Not here. Not here! [the agent lowers his gun, the HYDRA agents then take Steve, Sam, and Natasha into custody] [as the trio are being escorted in a van]"
Steve Rogers,It was him. He looked right at me and he didnt even know me.
Sam Wilson,Hows that even possible? It was like seventy years ago.
Steve Rogers,"Zola. Buckys whole unit was captured in 43, Zola experimented on em. Whatever he did, it helped Bucky survive the fall. They must have found him."
Natasha Romanoff,"None of thats your fault, Steve."
Steve Rogers,"Even when I had nothing, I had Bucky. [Sam notices Natasha is bleeding from her shoulder and looks at the guards]"
Sam Wilson,"We need to get a doctor here. We dont put pressure on that wound shes gonna bleed out here in the truck. [suddenly one of the guards pulls out an electric rod and neutralizes the other guard and knocks him out, the guard is revealed to be Hill as she takes off her helmet]"
Maria Hill,That thing was squeezing my brain. [Sam looks at her in confusion; to Steve] Whos this guy? [Rumlows crew stop their vehicles and get out]
Brock Rumlow,"Three holes. Start digging. [they go over to the van holding Steve, Sam and Natasha and as they open the door they find it empty with one of the guards left unconscious and massive burnt whole on the car floor]"
Brock Rumlow,"Three holes. Start digging. [they go over to the van holding Steve, Sam and Natasha and as they open the door they find it empty with one of the guards left unconscious and massive burnt whole on the car floor] [Hill has taken the trio to a secret facility, a man runs towards them; referring to Natashas wound]"
Maria Hill,GSW. Shes lost at least a pint.
Sam Wilson,Maybe two.
Doctor,Let me take her!
Maria Hill,"Shell wants to see him first. [Hill takes them to Fury whos alive and lying in bed, the trio look at him in shock]"
Nick Fury,"About damn time. [later as Natashas wound is being treated] Lacerated spinal column, cracked sternum, shattered collarbone, perforated liver, one hell of a headache."
Doctor,Dont forget your collapsed lung.
Nick Fury,"Oh, lets not forget that. Otherwise, Im good."
Natasha Romanoff,"They cut you open, your heart stopped."
Nick Fury,"Tetrodotoxin B. Slows the pulse to one beat a minute. Banner developed it for stress. Didnt work so great for him, but we found a use for it."
Steve Rogers,Why all the secrecy? Why not just tell us?
Maria Hill,Any attempt on the directors life had to look successful.
Nick Fury,"Cant kill you if youre already dead. Besides, I wasnt sure who to trust. [inside a bank vault, the HYDRA agents fix Buckys metal arm and as they do so he has a brief flashback to his old life after he was recovered by Zola and the HYDRA agents]"
Dr. Arnim Zola,Sergeant Barnes... [he has to flashback to falling off the train at the edge of the mountain with Steve trying to save him]
Steve Rogers,"Bucky, no! [he then has flashback to after hes picked up by Hydra agents]"
Dr. Arnim Zola,"The procedure has already started. [we see the Zola and the Hydra agent amputating his left arm and replacing with the metal arm] You are to be the new face of HYDRA. [to his men] Put him on ice. [we see Bucky being frozen after which he comes back to the present and knocks over the HYDRA agent fixing his arm, Rollins points his gun at him to stop him attacking any further] [as Pierce enters the bank vault Bucky is being held in]"
Scientist #1,"Sir, hes...hes unstable. Erratic. [Pierce enters with Rumlow and some other HYDRA agents and goes over to Bucky]"
Alexander Pierce,"Mission report. [Bucky; looking blank, doesnt respond] Mission report, now. [Pierce moves closer to Bucky and suddenly strikes him hard in the face]"
Bucky Barnes,The man on the bridge... [he has flashback to Steve calling him by his name] Who was he?
Alexander Pierce,You met him earlier this week on another assignment.
Bucky Barnes,I knew him. [Pierce sits in front of Bucky]
Alexander Pierce,"Your work has been a gift to mankind. You shaped this century, and I need you to do it one more time. Society is at a tipping point between order and chaos. Tomorrow morning were gonna give it a push. But if you dont do your part, I cant do mine, and HYDRA cant give the world the freedom it deserves."
Bucky Barnes,But I knew him. [Pierce turns to the scientists]
Alexander Pierce,Prep him.
Scientist #1,Hes been out of cryo-freeze too long.
Alexander Pierce,Then wipe him and start over. [the scientists strap Bucky in his chair and then place a teeth shield in his mouth as they begin the process of wiping his brain with Bucky screaming in pain] [looking at a photo of Pierce]
Nick Fury,"This man declined the Nobel Peace Prize. He said, ""Peace wasnt an achievement, it was a responsibility."" See, its stuff like this that gives me trust issues."
Natasha Romanoff,We have to stop the launch.
Nick Fury,I dont think the Councils accepting my calls anymore. [Fury opens a case containing three chips]
Sam Wilson,Whats that?
Maria Hill,"Once the Helicarriers reach three thousand feet, theyll triangulate with Insight satellites becoming fully weaponized."
Nick Fury,We need to breach those carriers and replace their targeting blades with our own.
Maria Hill,"One or two wont cut it. We need to link all three carriers for this to work, because if even one of those ships remains operational a whole lot of people are gonna die."
Nick Fury,"We have to assume everyone aboard those carriers is HYDRA. We need to get pass them, insert the server blades, and maybe, just maybe, we can salvage whats left..."
Steve Rogers,"Were not salvaging anything. Were not just taking down the carriers, Nick, were taking down SHIELD."
Nick Fury,SHIELD had nothing to do with it.
Steve Rogers,"You gave me this mission, this is how it ends. SHIELDs been compromised, youve said so yourself. HYDRA was right under your nose and nobody noticed."
Nick Fury,Why do you think were meeting in this cave? I noticed.
Steve Rogers,And how many paid the price before you did?
Nick Fury,"Look, I didnt know about Barnes."
Steve Rogers,"Even if you have, would you have told me? Or would you have compartmentalized that too? SHIELD, HYDRA, it all goes."
Maria Hill,Hes right. [Fury looks at Natasha then Sam]
Sam Wilson,"Dont look at me. I do what he does, just slower."
Nick Fury,"Well... Looks like youre giving the orders now, Captain. [Steve stands on a bridge and has a flashback to the time he spent with Bucky after Steves mothers funeral]"
Bucky Barnes,We looked for you after. My folks wanted to give you a ride from the cemetery. [they walk towards Steves apartment]
Steve Rogers,"I know, Im sorry. I just...kind of wanted to be alone."
Bucky Barnes,How was it?
Steve Rogers,It was okay. Shes next to Dad.
Bucky Barnes,I was gonna ask...
Steve Rogers,"I know what youre gonna say, Buck, I just..."
Bucky Barnes,"We can put the couch cushion on the floor like when we were kids. Itll be fun. All you gotta do is shine my shoes, maybe take out the trash. [as they get to the apartment door, Steve tries to find his keys, Bucky kicks a brick aside, picks up the apartment keys from under it and gives it to Steve] Come on."
Steve Rogers,"Thank you, Buck, but I can get by on my own."
Bucky Barnes,"The thing is, you dont have to. [Bucky gives Steve a friendly pat on the shoulder] Im with you till the end of the line, pal. [Steves thoughts of Bucky are interrupted as Sam joins him on the bridge]"
Sam Wilson,"Hes gonna be there, you know?"
Steve Rogers,I know.
Sam Wilson,"Look, whoever he used to be, the guy he is now, I dont think hes the kind you save. Hes the kind you stop."
Steve Rogers,I dont know if I could do that.
Sam Wilson,"Well, he might not give you a choice. He doesnt know you."
Steve Rogers,"He will. Gear up, its time. [Steve turns and starts to walk off]"
Sam Wilson,You gonna wear that?
Steve Rogers,"No. If youre gonna fight a war, you gotta wear a uniform. [later as a guard (Stan Lee) walks in the Smithsonian Museum when he looks over to the Captain America exhibit he notices the Captain America WWII uniform on that was on the dummy has been stolen]"
Smithsonian Guard,"Oh, man. I am so fired! [at the Triskelion where the Helicarriers are being held]"
SHIELD Computer,We are in final launch sequence.
SHIELD Tech,We are go on guidance.
SHIELD Computer,"All personnel, to launch station. [Pierce meets the World Security Council as they arrive at the Triskelion]"
Alexander Pierce,And how was your flight?
Councilman Hawley,Lovely. The ride from the airport less so.
Alexander Pierce,"Sadly, SHIELD cant control everything."
Councilman Rockwell,Including Captain America. [Pierce walks over to one of the guards who hands him a case containing four pins]
Alexander Pierce,"This facility is biometrically controlled, and these will give you unrestricted access. [the council members each take a pin to wear] [at the Project Insight headquarters]"
Com Tech #1,Ive been parking there for two months.
Com Tech #2,But its his spot.
Com Tech #1,So wheres he been?
Com Tech #2,I think Afghanistan. [into his earpiece]
Com Tech #1,"Negative, DT-6. The pattern is full. [to his colleague] Well, he could have said something. [suddenly they hear a sharp noise through their earpiece] Ow!"
Com Tech #2,Must be the dish.
Com Tech #1,"Ill check it out. [as he goes and opens the door hes faced with Steve, Sam and Hill on the other side of the door, Sam and Hill point their guns at him]"
Steve Rogers,Excuse us. [the tech holds his hands up and steps aside to let them enter] [addressing the World Security Council members]
Alexander Pierce,"I know the road hasnt exactly been smooth, and some of you would have gladly kicked me out of the car along the way. Finally were here, and the world should be grateful. [as they start drinking to Pierces toast suddenly they hear Steve over the SHIELD microphone that everyone in the building can hear]"
Sam Wilson,"Did you write that down first, or was it off the top of your head? [to Pierce after learning the truth about him]"
Councilman Rockwell,You smug son of a bitch.
Councilman Singh,"[to the two HYDRA agents enter the room, thinking they are SHIELD agents] Arrest him. [the HYDRA agent points his gun at Singh]"
Alexander Pierce,"I guess Ive got the floor. [Rumlow and his men break into the control room, where Agent 13 also is, Rumlow walks over to one of the techs] Is there a problem?"
SHIELD Tech,Im... [the tech shakes his head nervously]
Brock Rumlow,Is there a problem?
SHIELD Tech,"Im sorry, sir. [the tech takes a few nervous breaths before replying] Im not gonna launch those ships. Captains orders. [Rumlow points his gun at the techs head]"
Brock Rumlow,Move away from your station. [Agent 13 walks over to Rumlow pointing her gun at him]
Sharon Carter,Like he said! [suddenly all the SHIELD agents draw their weapons and point them at Rumlow] Captains orders.
Brock Rumlow,"You picked the wrong side, Agent."
Sharon Carter,"Depends on where youre standing. [Rumlow drops his gun, but as he does he grabs his knife and cuts Agent 13s arm, leading to the SHIELD agents firing their guns, amidst the bullets, Rumlow manages to release the Helicarriers and runs off] [as the bay doors holding the Helicarriers are about to be opened]"
SHIELD Agent,Close the bay door! Close the bay door now! Close the bay door! [the HYDRA agents enter and start shooting and killing the crew and techs; at the headquarters Hill watches on the monitor as the Helicarriers are being initiated]
Maria Hill,Theyre initiating launch. [Steve and Sam make their way to the Helicarriers]
Sam Wilson,"Hey, Cap, how do we know the good guys from the bad guys?"
Steve Rogers,"If theyre shooting at you, theyre bad. [Sam, in his Falcon suit, flies off and Steve heads down, the HYDRA agents starting shooting at them, Sam flies around avoiding getting shot]"
Sam Wilson,"Hey, Cap, I found those bad guys you were talking about."
Steve Rogers,You okay? [flying off as the HYDRA agents continue to shoot at him]
Sam Wilson,"Not dead yet. [Pierce watches from the window the commotion caused by Steve and Sam trying to stop the Helicarriers launching, he turns to Singh]"
Alexander Pierce,"Let me ask you a question. What if Pakistan marched into Mumbai tomorrow, and you knew that they were gonna drag your daughters into a soccer stadium for execution? [Pierce hands Sing a glass of champagne] And you could just stop it with a flick of a switch. Would you? Wouldnt you all?"
Councilman Singh,"Not if it was your switch. [Singh tosses the glass aside, one of the HYDRA agents hands Pierce his gun and Pierce points it at Singh, suddenly Hawley kicks Singh away, then takes down the other HYDRA agents in the room before taking the gun and pointing at Pierce, she then removes her disguise to reveal its Natasha]"
Natasha Romanoff,Im sorry. Did I step on your moment?
Charlie Weapons Tech,[referring to the Helicarriers] Satellites in range at three thousand feet.
Maria Hill,"Falcon, status?"
Sam Wilson,"Engaging. [Sam manages to fly down to the Hellicarrier bay taking down the HYDRA jets chasing him] Alright, Cap, Im in. [just then another HYDRA jets heads his way and starts shooting at him] Shit! [Sam manages to fly off and avoid getting hit, meanwhile Steve is fighting off the HYDRA agents as he tries to get inside the Helicarrier]"
Maria Hill,"Eight minutes, Cap."
Steve Rogers,Working on it.
Councilman Rockwell,[to Natasha who is on the computer] What are you doing?
Alexander Pierce,Shes disabling security protocols and dumping all the secrets onto the Internet.
Natasha Romanoff,Including HYDRAs.
Alexander Pierce,"And SHIELDs. If you do this, non of your past is gonna remain hidden. [Natasha continues typing into the computer] Are you sure youre ready for the world to see you as you really are?"
Natasha Romanoff,Are you?
Steve Rogers,Alpha locked.
Maria Hill,"Falcon, where are you now?"
Sam Wilson,"I had to take a detour! [Sam is flying towards one of the Helicarriers when heat-seeking missiles are shot at him by HYDRA, so he flies back towards the Helicarrier and manages to get the missiles that were aimed at him to hit the Helicarrier giving him entrance] Oh, yeah! [Sam flies into the Helicarrier; to Hill] Bravo locked. [Sam flies out of the carrier]"
Maria Hill,"Two down, one to go."
SHIELD Pilot,"All SHIELD pilots, scramble. Were the only air support Captain Rogers has got. [suddenly Bucky appears and starts firing at the SHIELD pilots and agents killing them all after which he gets into one of the jets and flies off; back inside the building with Natasha, Pierce and the council members]"
Alexander Pierce,"Disabling the encryption is an executive order, it takes two Alpha Level members."
Natasha Romanoff,"Dont worry, companys coming. [just then a helicopter appears outside, lands and Fury steps out to enter the building to Pierces surprise]"
Alexander Pierce,"Did you get my flowers? [Fury looks at him coldly] Im glad youre here, Nick."
Nick Fury,Really? Cause I thought you had me killed.
Alexander Pierce,You know how the game works.
Nick Fury,So why make me head of SHIELD?
Alexander Pierce,Cause youre the best and the most ruthless person I ever met.
Nick Fury,I did what I did to protect people.
Alexander Pierce,"Our enemies are your enemies, Nick. Disorder, war. Its just a matter of time before a dirty bomb goes off in Moscow, or an EMP fries Chicago. Diplomacy? Holding action, a band-aid. And you know where I learned that; Bogota. You didnt ask, you just did what had to be done. I can bring order to the lives of seven billion people by sacrificing twenty million. Its the next step, Nick, if you have the courage to take it."
Nick Fury,"No, I have the courage not to. [Fury takes Pierce to the retinal scanner with Natasha pointing her gun at him]"
SHIELD Computer,Retinal scanner active.
Alexander Pierce,You dont you think we wiped your clearance from the system?
Nick Fury,"I know you erased my password, probably deleted my retinal scan, but if you want to stay ahead of me, Mr. Secretary... [Fury removes his eyepatch to reveal his scarred dead eye] You need to keep both eyes open. [they both look into the retinal scanner with Fury using his dead eye]"
SHIELD Computer,Alpha Level confirmed. Encryption code accepted. Safeguards removed.
narrator,back with Hill at the headquarters
Maria Hill,"Charlie Carriers forty-five degrees off the port bow. [she notices two HYDRA agents making breaking into the headquarters, she shoots and kills them as they enter] Six minutes. [Steve is trying to get away from the HYDRA agents shooting at him on the Helicarrier]"
Steve Rogers,"Hey, Sam, Im gonna need a ride."
Sam Wilson,Roger! Let me know when youre ready. [Steve just manages to jump off the edge as a HYDRA agent shoots a missile at him]
Steve Rogers,I just did! [Sam flies in just in time to catch Steve] [Sam flies himself and Steve onto the last Helicarrier]
Sam Wilson,"You know, youre a lot heavier than you look."
Steve Rogers,I had a big breakfast. [suddenly Bucky appears and pushes Steve off the edge]
Sam Wilson,"Steve! [as Sam goes to fly off and help Steve Bucky grabs one of his wings and throws him back, Sam starts shooting at Bucky and as he goes to fly off Bucky uses his weapon to rip off one of Sams wings and kicks him off the Helicarrier, Sam manages to get his parachute out and lands on the roof of the Triskelion] Cap? Cap, come in. Are you okay? [we see Steve is holding onto the side of the Helicarrier]"
Steve Rogers,"Yeah, Im here! Im still on the Helicarrier. [he pulls himself up] Where are you?"
Sam Wilson,"Im grounded, the suits down. Sorry, Cap."
Steve Rogers,"Dont worry, I got it. [Bucky watches Steve from above the Helicarrier] [as everyone at the Triskelion is rushing around trying to evacuate the building Rumlow fights and kills some SHIELD agents]"
HYDRA Agent,"Sir, Councils been breached."
Brock Rumlow,Repeat dispatch.
HYDRA Agent,Black Widows up there.
Brock Rumlow,Headed up! [Hill notices Rumlow on the monitor]
Maria Hill,Falcon?
Sam Wilson,Yeah?
Maria Hill,Rumlows headed for the Council.
Sam Wilson,Im on it. [inside the Helicarrier Steve is confronted by Bucky]
Steve Rogers,"People are gonna die, Buck. I cant let that happen. [Bucky stares at him coldly] Please, dont make me do this. [seeing Bucky wont back down Steve throws his shield at him and they start battling each other, as they fight Steve manages to bring up the targeting blade system, but as Bucky attacks him the chip falls from Steves hand; back at the Council]"
Natasha Romanoff,"Done. [she looks at her mobile device] And its trending. [just them Pierce sets off the pins he gave the council members, causing it to burn deeply into their sternum, Natasha and Fury points their guns at Pierce; to Natasha]"
Alexander Pierce,"Unless you want two inch hole in your sternum, Id put that gun down. [Natasha doesnt back down] That was armed the moment you pinned it on. [Fury and Natasha reluctantly lower their weapons] [back at the Helicarrier as they are battling it out, Bucky stabs Steve in the shoulder with his knife and then grabs the fallen chip, but Steve manages to get the knife out, grab Bucky by the throat and hold him down]"
Steve Rogers,"Drop it! Drop it! [as Bucky continues to hold the chip, Steve breaks both of Buckys arms and holds on to his throat until he passes out and lets go of the chip, Steve then grabs the chip and rushes off; back at the Triskelion]"
Brock Rumlow,"Im on forty-one, headed towards the south-west stairwell. [just then Sam attacks Rumlow but Rumlow manages to knock Sam down] This is gonna hurt. There are no prisoners with HYDRA, just order. And order only comes through pain. You ready for yours?"
Sam Wilson,"Man, shut the hell up. [they both go to attack each other]"
Alexander Pierce,"Lieutenant, how much longer?"
Charlie Weapons Tech,Sixty-five seconds to satellite link. Target reengaged. Lowering weapons array now.
Maria Hill,"[to Steve as she watches from the monitor] One minute. [Steve desperately tries to get back up to the Helicarriers to get to the targeting system when Bucky becomes conscious and shoots at Steve, but Steve still manages to climb up] Thirty seconds, Cap!"
Steve Rogers,Stand by. [as he gets the chip out Bucky shoots Steve in the stomach and he falls]
Charlie Weapons Tech,Weve reached three thousand feet. Satellite coming online now.
Charlie XO,Deploy algorithm.
Charlie Weapons Tech,Algorithm deployed.
Charlie XO,We are go to targets. [Hill watches as the weapons are being targetted at Washington]
Charlie Weapons Tech,Targets saturation reached. All targets assigned.
Charlie XO,Fire when ready.
Charlie Weapons Tech,"Firing in, three, two, one. [at that moment Steve manages to get up and place the chip in the Helicarriers targeting blade overriding the system and locking it down]"
Steve Rogers,Charlie locked. [as they watch the targets go offline]
Charlie XO,Where are the targets? Where are the targets?
Maria Hill,"Okay, Cap, get out of there. [Hill gets then gets the Helicarriers weapon targets to open fire upon each other]"
Steve Rogers,Fire now.
Maria Hill,"But, Steve..."
Steve Rogers,"Do it! Do it now! [reluctantly Hill makes the Helicarriers open fire on each other, Steve still inside the Helicarrier looks at Bucky below him; back at the Triskelion Pierce watches the Helicarriers as they are firing at each other]"
Alexander Pierce,What a waste.
Natasha Romanoff,Are you still on the fence about Rogers chances?
Alexander Pierce,"Time to go, Councilwoman. This way, come on. Youre gonna fly me out of here. [as Pierce starts to leave with Natasha]"
Nick Fury,"You know, there was a time I would have taken a bullet for you."
Alexander Pierce,"You already did. You will again when... [just then Natasha activates her pin causing it to burn into her, this gives Fury a chance to shoot Pierce, which he does so twice, Fury then walks over to Natasha who is lying unconscious on the floor]"
Nick Fury,"Romanoff! Natasha! Natasha, come on! [Natasha opens her eyes]"
Natasha Romanoff,Ow. Those really do sting. [as the Helicarriers continue to destroy each other Pierce lies on the floor and says with his last dieing breath]
Alexander Pierce,"Hail, HYDRA. [just then one Helicarrier crashes into a dam beneath the Triskelion] [as the Helicarrier continues to fall with Cap and Winter Soldier inside, at the Triskelion Sam and Rumlow continue to fight each other]"
Brock Rumlow,"Youre out of your depth, kid. [suddenly the second Helicarriers crashes into the Triskelion, catching Rumlow in the destruction; to Natasha who is in the helicopter]"
Sam Wilson,"Please, tell me you got that chopper in the air!"
Natasha Romanoff,"Sam, where are you?"
Sam Wilson,"41st floor, north-west corner!"
Natasha Romanoff,"Were on it, stay where you are. [Sam desperately tries to get away from the destruction the Helicarrier is causing the building] Not an option! [as the building is being destroyed Sam jumps out of the window as Natasha and Fury fly their chopper in time to catch him]"
Sam Wilson,41st floor! 41st!
Nick Fury,Its not like they put the floor numbers on the outside of the building!
Natasha Romanoff,"Hill, wheres Steve? You got a location on Rogers? [inside the third Helicarrier we see Steve help Bucky out from being trapped under some fallen rubble]"
Steve Rogers,You know me. [Bucky lashes out at Steve in anger]
Bucky Barnes,"No, I dont!"
Steve Rogers,"Bucky, youve known me your whole life. [Bucky hits Steve but Steve chooses not to fight back]"
Bucky Barnes,"No, I dont!"
Steve Rogers,"Bucky, youve known me your whole life. [Bucky hits Steve but Steve chooses not to fight back] Your name is James Buchanan Barnes. [Bucky hits Steve again]"
Bucky Barnes,Shut up! [Steve takes off his mask and drops his shield out of the Helicarrier]
Steve Rogers,Im not gonna fight you. Youre my friend. [Bucky pushes Steve to the ground]
Bucky Barnes,Youre my mission. [he then mercilessly punches Steve repeatedly across the face] Youre my mission!
Steve Rogers,"Then finish it. [Bucky hesitates holding his fist up] Cause Im with you to the end of the line. [Bucky looks at Steve as if hes starting to remember just then the bottom of the Helicarrier falls sending Steve down into the river below as Bucky watches from the Helicarrier, then we see an unconscious Steve being pulled out of the water and dragged onto the shore by Bucky before he turns and walks away] [we see Steve waking up in a hospital bed to hear Marvin Gayes ""Trouble Man"" playing with Sam sat next to his bed] On your left. [Sam looks at Steve and smiles; we then see Agent 13 practicing shooting at a shooting range wearing a CIA t-shirt; we see Hill at Stark Industries about to undergo a lie detector test; then Senator Stern getting arrested and then a badly burnt Rumlow being treated by doctors at the hospital; Natasha is then being sworn in at a committee hearing]"
Committee Member,Do you solemnly swear to tell the truth the whole truth and nothing but the truth?
Natasha Romanoff,I do.
Committee General,Why havent we yet heard from Captain Rogers?
Natasha Romanoff,I dont know whats left left for him to say. I think the rock in the middle of the Potomac made his point fairly eloquently.
Committee General,"Well, he could explain how this countrys expected to maintain its national security now that he and you have laid waste our intelligence apparatus."
Natasha Romanoff,"HYDRA was selling you lies, not intelligence."
Committee General,Many of which you seem to have had a personal hand in telling.
Scudder,"Agent, you should know that there are some on this committee who feel, given your service record, both for this country and against it, that you belong in a penitentiary, not mouthing off on Capitol Hill."
Natasha Romanoff,Youre not gonna put me in a prison. Youre not gonna put any of us in a prison. You know why?
Scudder,Do enlighten us.
Natasha Romanoff,"Because you need us. Yes, the world is a vulnerable place, and yes, we helped make it that way. But were also the ones best qualified to defend it. So if you want to arrest me, arrest me. Youll know where to find me. [she gets up and walks away, meanwhile Fury gets rid of any trace of his existence, including his passports and eyepatch, burning them and his hiding place]"
Nick Fury,"[wearing sunglasses and hoodie, Fury meets Steve and Sam at a cemetery at his own grave] So, youve experienced this sort of things before?"
Steve Rogers,"You get used to it. [we see Furys gravestone which bears bears the epitaph ""The path of the righteous man. Ezekiel 25:17""]"
Nick Fury,"Weve been data-mining HYDRAs files. Looks Like a lot of rats didnt go down with the ship. Im heading to Europe tonight, wanted to ask if youd come."
Steve Rogers,Theres something I gotta do first.
Nick Fury,"How about you, Wilson? I could use a man with your abilities."
Sam Wilson,Im more of a soldier than a spy.
Nick Fury,"Alright then. [Sam and Steve shake Furys hand] Anybody asks for me, tell them they can find me right here. [Fury looks to his gravestone and walks away, just then Natasha joins Steve and Sam]"
Natasha Romanoff,"You should be honored, thats about as close as he gets to saying thank you."
Steve Rogers,Not going with him?
Natasha Romanoff,No.
Steve Rogers,Not staying here?
Natasha Romanoff,"I blew all my covers, I gotta go figure out a new one."
Steve Rogers,That might take a while.
Natasha Romanoff,"Im counting on it. That thing you asked for, I called in a few favors from Kiev. [she hands Steve a file] Will you do me a favor? Call that nurse."
Steve Rogers,Shes not a nurse.
Natasha Romanoff,And youre not a SHIELD agent.
Steve Rogers,What was her name again?
Natasha Romanoff,"Sharon. Shes nice. [she kisses Steve on the cheek and turns to walk away] Be careful, Steve. You might not want to pull on that thread. [as Natasha walks away Steve opens the file, which is about Bucky and the information regarding his Winter Soldier transformation, Sam walks over to Steve]"
Sam Wilson,Youre going after him?
Steve Rogers,You dont have to come with me.
Sam Wilson,I know. When do we start? [mid-credits scene; at an underground HYDRA lab Baron Wolfgang von Strucker is talking with a HYDRA scientist]
HYDRA Scientist,Its over. Fury has released everything to the public.
Baron Wolfgang von Strucker,Everything he knows about.
HYDRA Scientist,"von Strucker, if they get word of our work here, if they find out we serve HYDRA..."
Baron Wolfgang von Strucker,"HYDRA, SHIELD, two sides of a coin thats no longer currency. [they walk over to the corner of the lab where Lokis scepter is being kept] What we have is worth more than any of them ever knew. Weve only scratched the surface and already... [they start walking out of the lab] There are other facilities doing HYDRAs good work around the world. Well feed them to Captain America and his colorful friends. Keep them off our scent."
HYDRA Scientist,What about the volunteers?
Baron Wolfgang von Strucker,The dead will be buried so deep their own ghosts wont be able to find them.
HYDRA Scientist,And the survivors?
Baron Wolfgang von Strucker,"The twins. [we see the twins, Pietro and Wanda Maximoff, aka Quicksilver and Scarlet Witch, being kept in glass cells each exhibiting their powers, Pietro having superhuman speed and Wanda having telekinetic powers] Sooner or later they will meet the twins. Its not a world of spies anymore, not even a world of heroes. This is the age of miracles, doctor. Theres nothing more horrifying than a miracle. [post-credits scene; at the Captain America exhibit in the Smithsonian Museum we see Bucky in civilian clothes staring pensively at the display about himself]"
